{
"type": "FeatureCollection",
"name": "seatac25",
"crs": { "type": "name", "properties": { "name": "urn:ogc:def:crs:OGC:1.3:CRS84" } },
"features": [
{ "type": "Feature", "properties": { "OBJECTID": 2534, "votdst": "1031", "NAME": "SET 33-1031", "SUM_VOTERS": 596, "Shape_Length": 15336.068698305813, "Shape_Area": 7448142.3237923756 }, "geometry": { "type": "MultiPolygon", "coordinates": [ [ [ [ -122.281302749344164, 47.412957067100372 ], [ -122.281314668673758, 47.413008163872476 ], [ -122.281374124939177, 47.413137532600686 ], [ -122.281710977356681, 47.413870494960634 ], [ -122.281889289777808, 47.414183926761531 ], [ -122.282064949464214, 47.41449500738748 ], [ -122.282078325405621, 47.414519788516188 ], [ -122.282091458006235, 47.414544683403619 ], [ -122.282104226984742, 47.414569608125447 ], [ -122.28211667710535, 47.414594647571299 ], [ -122.282128845241843, 47.414619745495074 ], [ -122.282140696199363, 47.414644875358832 ], [ -122.282152297140257, 47.414670117267875 ], [ -122.282163543805524, 47.414695391591096 ], [ -122.282174465341527, 47.414720697956234 ], [ -122.282185067967447, 47.414746117247397 ], [ -122.282195387858494, 47.414771568038724 ], [ -122.28220538544052, 47.414797104811804 ], [ -122.282215105586275, 47.414822673017547 ], [ -122.282224461076751, 47.414848329545606 ], [ -122.282233535632272, 47.414873986964913 ], [ -122.28223463640218, 47.414877262715393 ], [ -122.282238065411406, 47.414887309647909 ], [ -122.282242248156294, 47.414899731773566 ], [ -122.282250677967937, 47.41492550898213 ], [ -122.282258787344304, 47.414951344261496 ], [ -122.28226657421169, 47.414977210650392 ], [ -122.282274037319723, 47.41500311086363 ], [ -122.282274575982356, 47.415004994927813 ], [ -122.282281263432253, 47.415029067181742 ], [ -122.282288083543492, 47.415055054777071 ], [ -122.282294623062811, 47.41508110353265 ], [ -122.282300840572475, 47.41510715370498 ], [ -122.282306695347913, 47.415133266087494 ], [ -122.282312267282251, 47.415159406374151 ], [ -122.282317517330142, 47.415185552573995 ], [ -122.282322445638371, 47.415211757761469 ], [ -122.2823270506846, 47.415237967080685 ], [ -122.282331329291992, 47.415264209359364 ], [ -122.282335294584044, 47.415290479931805 ], [ -122.282338931363029, 47.415316756502385 ], [ -122.282342246976327, 47.415343065065493 ], [ -122.282345279794654, 47.415369403331496 ], [ -122.282347949627038, 47.415395747136806 ], [ -122.282350294869048, 47.415422095091003 ], [ -122.282352782138759, 47.415510219132592 ], [ -122.282352879227204, 47.415512572132322 ], [ -122.282357283923943, 47.415618740935457 ], [ -122.282357199158454, 47.415644682746979 ], [ -122.282356788423556, 47.415670626925902 ], [ -122.28235605099529, 47.415696547393146 ], [ -122.282354993547344, 47.415722445862599 ], [ -122.282353611403536, 47.415748344883959 ], [ -122.282351908136278, 47.415774277696492 ], [ -122.282349878849828, 47.41580016339924 ], [ -122.282347524891023, 47.4158260505531 ], [ -122.282344892730023, 47.415851942162455 ], [ -122.282341890652702, 47.415877780925797 ], [ -122.282338609673687, 47.415903598964867 ], [ -122.282334963772385, 47.415929448656016 ], [ -122.282330992225894, 47.415955217047802 ], [ -122.282326779596559, 47.41598099032003 ], [ -122.282322158701788, 47.416006713935055 ], [ -122.282317259551633, 47.416032440206763 ], [ -122.28231203302785, 47.416058118486092 ], [ -122.282306487727809, 47.416083772052467 ], [ -122.2823006070291, 47.416109375030125 ], [ -122.282294452147667, 47.416134984210572 ], [ -122.282287929844713, 47.416160535115132 ], [ -122.282281082965213, 47.416186043388777 ], [ -122.282273952280875, 47.416211497715182 ], [ -122.282266502291108, 47.416236956122148 ], [ -122.282258759847849, 47.416262335503653 ], [ -122.282250655529737, 47.416287665533865 ], [ -122.282242267479958, 47.416312944314519 ], [ -122.282233516426331, 47.416338228633485 ], [ -122.282225789564322, 47.41635982321619 ], [ -122.282215157328181, 47.416388530247069 ], [ -122.282205511132602, 47.416413605603246 ], [ -122.282195540879911, 47.416438657212588 ], [ -122.282185286144767, 47.41646363059359 ], [ -122.282174705854899, 47.416488526270989 ], [ -122.282106259698992, 47.416648243430231 ], [ -122.282107662668963, 47.416668241494257 ], [ -122.282109750761606, 47.416692536265465 ], [ -122.282112120287053, 47.416716799552596 ], [ -122.28211485341464, 47.416741031205191 ], [ -122.282117866296275, 47.416765314157907 ], [ -122.282121247858811, 47.416789509636267 ], [ -122.282124907679417, 47.416813702458128 ], [ -122.282131489763998, 47.416849976381449 ], [ -122.282133185700673, 47.416863143673346 ], [ -122.282134561784133, 47.416876342940363 ], [ -122.282135576143887, 47.416889545930495 ], [ -122.282136305845896, 47.416902807433793 ], [ -122.28213671474883, 47.416916019061141 ], [ -122.282136799024727, 47.41692923393753 ], [ -122.282136519075578, 47.416942457966648 ], [ -122.282135956621502, 47.416955674810922 ], [ -122.282135071138896, 47.416968904779409 ], [ -122.282133901878638, 47.416982081699956 ], [ -122.282132368966131, 47.416995288456519 ], [ -122.282131422096001, 47.417001909883318 ], [ -122.282130512752786, 47.417008450766573 ], [ -122.282128325662939, 47.417021582220897 ], [ -122.282125827342867, 47.417034722150532 ], [ -122.282122993547461, 47.417047808793285 ], [ -122.282119847673101, 47.417060873335899 ], [ -122.282116411444818, 47.417073886713695 ], [ -122.282112650489537, 47.417086852064692 ], [ -122.282108565355827, 47.417099789172944 ], [ -122.282104155519576, 47.417112679153632 ], [ -122.282099461129818, 47.417125488208583 ], [ -122.282094442760595, 47.417138276214843 ], [ -122.282089059017807, 47.417150984328153 ], [ -122.282083472313886, 47.41716363836035 ], [ -122.282077478861609, 47.417176249911648 ], [ -122.282071199480015, 47.417188778755325 ], [ -122.282064679290883, 47.417201227013578 ], [ -122.282057791177095, 47.417213599009564 ], [ -122.28205065833059, 47.417225892269322 ], [ -122.282043164133782, 47.417238107383497 ], [ -122.282035374857074, 47.417250244404762 ], [ -122.28202734799838, 47.417262273811168 ], [ -122.282018993513319, 47.417274198552605 ], [ -122.28201047281982, 47.417285960791311 ], [ -122.282010414243317, 47.417286047001404 ], [ -122.282001428425247, 47.417297812484257 ], [ -122.281992217650185, 47.417309447700838 ], [ -122.281982762066477, 47.417321001482911 ], [ -122.28197298018037, 47.41733245058267 ], [ -122.281962912365927, 47.417343769295478 ], [ -122.281952597569415, 47.41735497601514 ], [ -122.281941998144205, 47.417366051431472 ], [ -122.281931151911309, 47.417377021149377 ], [ -122.281920295575134, 47.41738757898073 ], [ -122.281809167009882, 47.417492619665659 ], [ -122.281806174852136, 47.417495507813079 ], [ -122.2817951652803, 47.417506372552474 ], [ -122.281784360733454, 47.417517366012071 ], [ -122.281773882029, 47.417528495644419 ], [ -122.281763691196304, 47.417539730448745 ], [ -122.281753703515164, 47.41755107420645 ], [ -122.281744044152134, 47.417562547808281 ], [ -122.281734628240301, 47.417574101961179 ], [ -122.281725539421615, 47.41758578957247 ], [ -122.281716733752333, 47.417597555428578 ], [ -122.281708177557789, 47.417609427847339 ], [ -122.281699986106446, 47.417621405356208 ], [ -122.281691998309441, 47.417633462125735 ], [ -122.281684375832882, 47.417645596990269 ], [ -122.281676997556758, 47.417657839384653 ], [ -122.281669988501363, 47.417670157125499 ], [ -122.281663222873689, 47.41768255451877 ], [ -122.281661186522314, 47.417686501869184 ], [ -122.281621045524375, 47.41778013177062 ], [ -122.281545611488426, 47.41811336897095 ], [ -122.281466689649179, 47.418452736425181 ], [ -122.281456421579989, 47.41849690186524 ], [ -122.281450010705143, 47.418516315153113 ], [ -122.281443235243671, 47.418535677322588 ], [ -122.281436175293962, 47.418554961262316 ], [ -122.28143025949953, 47.418570337139435 ], [ -122.281430449878911, 47.418576103811233 ], [ -122.281431778791998, 47.418616383300758 ], [ -122.28143656509323, 47.418759891249678 ], [ -122.281450057621882, 47.419164900155806 ], [ -122.28407943497497, 47.419139729637308 ], [ -122.284156938404664, 47.421694037865159 ], [ -122.284157486490514, 47.421721066404842 ], [ -122.284179574017642, 47.422487001023235 ], [ -122.284188004439827, 47.422780284637696 ], [ -122.284228513260203, 47.422779738375318 ], [ -122.284342200614674, 47.422778149447282 ], [ -122.284530846613677, 47.422775515539598 ], [ -122.284660727373677, 47.422773716325452 ], [ -122.284735525760269, 47.422772676074693 ], [ -122.284787462344028, 47.422771953635603 ], [ -122.284800021940939, 47.422771771260301 ], [ -122.285063548895636, 47.422768112158224 ], [ -122.285065564229086, 47.422768083654795 ], [ -122.285670957496933, 47.422759650390631 ], [ -122.287097043739649, 47.422739786173111 ], [ -122.287162770956684, 47.422675686465674 ], [ -122.287174576640766, 47.422664374690115 ], [ -122.2871831519317, 47.422656011832146 ], [ -122.287191764668123, 47.422647565730465 ], [ -122.287208660743957, 47.422630649861468 ], [ -122.287225283469198, 47.422613628643887 ], [ -122.287231881374794, 47.422606705304304 ], [ -122.28724161294322, 47.422596501433425 ], [ -122.287257696665861, 47.422579212745745 ], [ -122.287273535590401, 47.422561844431939 ], [ -122.287289087712367, 47.422544316067182 ], [ -122.287304353960138, 47.422526708603343 ], [ -122.287319335684046, 47.42250902292276 ], [ -122.287334033230835, 47.422491176258291 ], [ -122.28734843752774, 47.422473223601756 ], [ -122.287362557276339, 47.422455191829599 ], [ -122.287376399701046, 47.422437054760941 ], [ -122.287389952277721, 47.422418838644852 ], [ -122.287403213529302, 47.422400490424131 ], [ -122.287416198682493, 47.422382033293189 ], [ -122.287428898038598, 47.4223634997619 ], [ -122.287441303597532, 47.422344888133814 ], [ -122.287453384808501, 47.422326196102027 ], [ -122.287465186072012, 47.422307399707798 ], [ -122.287476702789476, 47.422288524198784 ], [ -122.287487890483419, 47.422269543157654 ], [ -122.287498793656795, 47.422250483901244 ], [ -122.287509372736068, 47.422231400912992 ], [ -122.287519664442769, 47.422212184870794 ], [ -122.287529673706089, 47.422192917574819 ], [ -122.287539356023572, 47.422173571708456 ], [ -122.28754871407078, 47.422154148137025 ], [ -122.287557830202843, 47.42213470067977 ], [ -122.287566576262734, 47.422115149117161 ], [ -122.28757503905419, 47.422095516625092 ], [ -122.287583177779169, 47.422075861301053 ], [ -122.287590989610393, 47.422056129205657 ], [ -122.287598519726856, 47.422036371936009 ], [ -122.287605726925307, 47.422016537844108 ], [ -122.28761260585587, 47.421996625199405 ], [ -122.287619159371545, 47.42197668884085 ], [ -122.287625433122642, 47.421956702094548 ], [ -122.287631384109574, 47.421936691600465 ], [ -122.287637002306226, 47.421916630499396 ], [ -122.287642300963284, 47.421896518621331 ], [ -122.287647274780952, 47.421876356034375 ], [ -122.287651960336831, 47.42185617105644 ], [ -122.287656289954498, 47.421835960957296 ], [ -122.287660371036949, 47.421815727058146 ], [ -122.287664090205666, 47.421795443825353 ], [ -122.287667483963034, 47.421775136879091 ], [ -122.287670548359458, 47.421754807169656 ], [ -122.287673258971083, 47.421734481998286 ], [ -122.287675683923396, 47.421714132603626 ], [ -122.287677823241751, 47.42169375988496 ], [ -122.287679597973579, 47.421673336967579 ], [ -122.287681050149047, 47.421652945175673 ], [ -122.287682178265968, 47.421632530552685 ], [ -122.287682980974523, 47.421612092216414 ], [ -122.287683465128026, 47.421591685853919 ], [ -122.287683623874045, 47.42157125577809 ], [ -122.287683458014243, 47.42155083076581 ], [ -122.28768296939775, 47.421530382006218 ], [ -122.287682156902562, 47.421509964389074 ], [ -122.287681064828448, 47.421489550358288 ], [ -122.287679609150729, 47.42146916887917 ], [ -122.287677828117893, 47.421448765485252 ], [ -122.287676379432995, 47.42143444179986 ], [ -122.287674404612801, 47.42141431436913 ], [ -122.287672107215684, 47.421394217164497 ], [ -122.287669488617183, 47.421374151967584 ], [ -122.287666547492591, 47.421354118795371 ], [ -122.287663241214105, 47.421334062419604 ], [ -122.287659654237075, 47.421314064519763 ], [ -122.287655743958808, 47.42129407076699 ], [ -122.287651552231409, 47.421274108511874 ], [ -122.287646997630475, 47.421254204887148 ], [ -122.287642121079372, 47.421234306291652 ], [ -122.287636963257739, 47.421214493167184 ], [ -122.287631441609861, 47.421194656821939 ], [ -122.28762563606719, 47.421174906880914 ], [ -122.287620091793784, 47.421157018452057 ], [ -122.287551101166457, 47.420918144706995 ], [ -122.287410476960702, 47.42043099964863 ], [ -122.287386377282459, 47.42034759318458 ], [ -122.287419891299123, 47.420313494156574 ], [ -122.287462423343413, 47.420269765321464 ], [ -122.287504717588149, 47.42022592437128 ], [ -122.287546681509909, 47.420181980589383 ], [ -122.287588399082139, 47.420137903212428 ], [ -122.287629831306702, 47.420093719728811 ], [ -122.287671017933746, 47.420049429628889 ], [ -122.287711918437708, 47.420005005545391 ], [ -122.287752528345564, 47.419960477222631 ], [ -122.287792901105462, 47.419915812489378 ], [ -122.287832987219971, 47.41987104256723 ], [ -122.287872779288293, 47.419826139663925 ], [ -122.287912330487814, 47.419781157073281 ], [ -122.287951554517605, 47.419736041927109 ], [ -122.287990532953273, 47.419690820166913 ], [ -122.288029226847385, 47.419645521079779 ], [ -122.28806763324738, 47.419600086230169 ], [ -122.288139889134968, 47.41951964281543 ], [ -122.288181219219183, 47.419463119763066 ], [ -122.288218520626728, 47.41941723394747 ], [ -122.288255500371747, 47.419371270383543 ], [ -122.288292232424766, 47.419325172347207 ], [ -122.288328678590432, 47.419278996104005 ], [ -122.288364799693852, 47.419232715169017 ], [ -122.288400672608503, 47.419186329455506 ], [ -122.288439615265872, 47.419135427937277 ], [ -122.288471293856389, 47.419093590418328 ], [ -122.288504402053803, 47.419049404584861 ], [ -122.288541277578034, 47.418999766507355 ], [ -122.288575724513223, 47.418952875473032 ], [ -122.288609845015188, 47.418905877967362 ], [ -122.288643720733745, 47.418858802629231 ], [ -122.288672837041602, 47.418817872349329 ], [ -122.288695224534678, 47.418786136857399 ], [ -122.288743513397804, 47.418716967683778 ], [ -122.288776206916779, 47.418669523352044 ], [ -122.288808615129852, 47.418621973821807 ], [ -122.288840696864057, 47.418574316023538 ], [ -122.288872495420591, 47.41852658178707 ], [ -122.288904004648131, 47.418478740605337 ], [ -122.288935230724292, 47.418430823885139 ], [ -122.288966131026015, 47.418382824077646 ], [ -122.288996785823997, 47.418334720361301 ], [ -122.289027114974189, 47.418286538054488 ], [ -122.289057159575506, 47.418238277529419 ], [ -122.289082581577631, 47.418196929481724 ], [ -122.289086879855418, 47.418189938397383 ], [ -122.28911627318989, 47.418141521591899 ], [ -122.289145420221658, 47.41809297210191 ], [ -122.289174243635969, 47.418044369185402 ], [ -122.28920278120502, 47.417995688968062 ], [ -122.289231034229275, 47.417946930533695 ], [ -122.289258961536305, 47.41789809081304 ], [ -122.289286603723369, 47.417849152192531 ], [ -122.289306762343358, 47.417812944512441 ], [ -122.28931392089666, 47.417800157465841 ], [ -122.289321841709921, 47.417785854703993 ], [ -122.289328764383839, 47.417773259601084 ], [ -122.289357126098309, 47.417721182023648 ], [ -122.289385204017961, 47.417669053207966 ], [ -122.289412996589292, 47.417616817399249 ], [ -122.289440461669997, 47.417564531813568 ], [ -122.289467646231131, 47.417512169759632 ], [ -122.289494502375589, 47.417459724656005 ], [ -122.289521034304784, 47.417407204545391 ], [ -122.289547281093974, 47.417354632315586 ], [ -122.289573243341792, 47.417301981870835 ], [ -122.289586807576157, 47.417274086555942 ], [ -122.289598879976538, 47.417249253738916 ], [ -122.289624193101488, 47.417196475780557 ], [ -122.289649220287231, 47.417143616927 ], [ -122.289762705757624, 47.416888936901934 ], [ -122.289776560182119, 47.416857006740223 ], [ -122.289796805768376, 47.41680944763354 ], [ -122.289816808655942, 47.416761836765488 ], [ -122.28983648537691, 47.416714175208597 ], [ -122.289855837829464, 47.416666435950795 ], [ -122.289874904616227, 47.416618672472055 ], [ -122.289893609186379, 47.416570801193977 ], [ -122.289912068014743, 47.416522911479582 ], [ -122.289930162158313, 47.416474967973684 ], [ -122.289947970509488, 47.41642694807252 ], [ -122.289965413630057, 47.416378902274765 ], [ -122.289982612031551, 47.416330779554286 ], [ -122.28999949167563, 47.416282633938785 ], [ -122.290016046983268, 47.416234407925856 ], [ -122.290032229239955, 47.416186160615496 ], [ -122.290048130933343, 47.416137834144727 ], [ -122.290063749644588, 47.416089484319805 ], [ -122.290078997727107, 47.416041057391766 ], [ -122.29009397075329, 47.415992606108425 ], [ -122.290108614976347, 47.415944104172617 ], [ -122.290122936474049, 47.415895579393911 ], [ -122.290143723219771, 47.415829861196563 ], [ -122.290226011773598, 47.415536612809646 ], [ -122.290248604658132, 47.415456117089022 ], [ -122.290275900686893, 47.415358834712336 ], [ -122.290483750411951, 47.414618113176843 ], [ -122.290511564166593, 47.414518992500888 ], [ -122.290530331430759, 47.414456124916079 ], [ -122.290674760162531, 47.41397162548094 ], [ -122.290751663556208, 47.41371357605064 ], [ -122.290972021435948, 47.412974000693673 ], [ -122.290983479830359, 47.412940237210982 ], [ -122.291021579100246, 47.412808845128218 ], [ -122.291059717562561, 47.412672928453325 ], [ -122.291200018711237, 47.412214584941985 ], [ -122.291272676883708, 47.41197265830899 ], [ -122.291348371369409, 47.411720601788566 ], [ -122.291420914676038, 47.411478787175319 ], [ -122.291433180561583, 47.411437939722397 ], [ -122.291496603756585, 47.411226730611759 ], [ -122.291577516599787, 47.410982474665992 ], [ -122.291654381639589, 47.41073490263944 ], [ -122.291722838736632, 47.410487186842687 ], [ -122.291782961933038, 47.410239032171525 ], [ -122.291835082859279, 47.409989307178556 ], [ -122.291838258162741, 47.409972842376945 ], [ -122.291852113888893, 47.409930201309727 ], [ -122.291858668392436, 47.409910032565818 ], [ -122.291870019661999, 47.40987508738958 ], [ -122.291871734032114, 47.409869803586503 ], [ -122.292039578880747, 47.409262252631414 ], [ -122.29209504452561, 47.409061481015634 ], [ -122.292239763883487, 47.408537622688407 ], [ -122.292324282589462, 47.408231680226073 ], [ -122.292338476302064, 47.408180295154132 ], [ -122.292339002416654, 47.408178398328353 ], [ -122.292243341280397, 47.408177665809269 ], [ -122.292243131496733, 47.408179264394789 ], [ -122.292242904825301, 47.408179261914697 ], [ -122.291978534626722, 47.408177326123287 ], [ -122.291976607458523, 47.408177312240802 ], [ -122.291974452294227, 47.408177295894745 ], [ -122.291865613293027, 47.408176497843385 ], [ -122.291864574741894, 47.408176511207195 ], [ -122.291864111102996, 47.40817651717316 ], [ -122.291843046151584, 47.408176793626772 ], [ -122.291306716692858, 47.408183841130764 ], [ -122.291292099017554, 47.408184036350868 ], [ -122.291229532019045, 47.408184856405661 ], [ -122.291216687968173, 47.408185024305496 ], [ -122.290843673288535, 47.408189923063887 ], [ -122.290818422402523, 47.40819025585143 ], [ -122.290645624069356, 47.408192524424798 ], [ -122.290644687518224, 47.40819253646599 ], [ -122.290611655439491, 47.408192969249669 ], [ -122.290332087098989, 47.408196639687674 ], [ -122.290204951593168, 47.408198309825401 ], [ -122.290004762946026, 47.408200937564089 ], [ -122.289879348083346, 47.408202581625446 ], [ -122.289876095984454, 47.408202623415526 ], [ -122.289708247913495, 47.408204826947184 ], [ -122.289623769567626, 47.408205938440283 ], [ -122.289244193453229, 47.408210917132138 ], [ -122.289221283264041, 47.408211219498327 ], [ -122.289219818163176, 47.408211238316646 ], [ -122.289217346302308, 47.40821127006614 ], [ -122.289162626887034, 47.408213373082035 ], [ -122.289108369596676, 47.408220774671506 ], [ -122.289055086281834, 47.408233405009696 ], [ -122.289003279604842, 47.408251144944941 ], [ -122.288953438297796, 47.408273827122841 ], [ -122.288906032551907, 47.408301237565027 ], [ -122.288861509581935, 47.408333117687803 ], [ -122.288830980594525, 47.408362920690571 ], [ -122.288804973643252, 47.408396741934361 ], [ -122.288784011586259, 47.40843390145821 ], [ -122.288754153709021, 47.408527813182587 ], [ -122.288509799563769, 47.409296671602114 ], [ -122.28849943383338, 47.409327682421214 ], [ -122.288489487951779, 47.409356354296321 ], [ -122.288479219377123, 47.40938500242558 ], [ -122.288468622631569, 47.409413572903382 ], [ -122.288457746907568, 47.409442119073994 ], [ -122.288446542260232, 47.409470560614736 ], [ -122.288435055410901, 47.409499004877283 ], [ -122.288423240987086, 47.409527345392071 ], [ -122.288411105690017, 47.409555632450335 ], [ -122.288398643020912, 47.409583870633412 ], [ -122.288385897944522, 47.409612056665161 ], [ -122.288372825266748, 47.409640138049433 ], [ -122.28835942856638, 47.409668195703873 ], [ -122.288345748004545, 47.409696149048727 ], [ -122.288331781009489, 47.409724048494326 ], [ -122.288317489837283, 47.409751871135512 ], [ -122.288302873112585, 47.409779615190679 ], [ -122.288287972703074, 47.409807308909272 ], [ -122.28827278438078, 47.40983489567094 ], [ -122.288257275280472, 47.409862432571956 ], [ -122.288241519358209, 47.409889862887958 ], [ -122.288225396814838, 47.40991721514439 ], [ -122.288208990559497, 47.409944516164408 ], [ -122.288192299114115, 47.40997171289068 ], [ -122.288189399774211, 47.409976383024414 ], [ -122.288160939294357, 47.410034987273136 ], [ -122.288060929052577, 47.410240988351731 ], [ -122.287920799489669, 47.410536587588261 ], [ -122.287910322922897, 47.410559261411642 ], [ -122.287884964905558, 47.410617607170856 ], [ -122.287601822243161, 47.411269415382876 ], [ -122.287582318513316, 47.411314578843168 ], [ -122.287579531344861, 47.411320236177048 ], [ -122.287575802352904, 47.411327193815481 ], [ -122.287571792105098, 47.411334045311257 ], [ -122.287567497378063, 47.411340817693642 ], [ -122.287562880352226, 47.411347485359435 ], [ -122.287557969573712, 47.411354074030761 ], [ -122.28755277756386, 47.411360557458565 ], [ -122.287547342167244, 47.411366962145237 ], [ -122.287541577470009, 47.411373201032518 ], [ -122.287535569586097, 47.411379368372707 ], [ -122.287529273544294, 47.411385372084411 ], [ -122.287522732039562, 47.411391270093539 ], [ -122.287515942895936, 47.411397031841723 ], [ -122.28750891151256, 47.411402660858009 ], [ -122.287503927358784, 47.411406423936796 ], [ -122.287501627814891, 47.411408128484538 ], [ -122.287494105050584, 47.411413434551292 ], [ -122.287486371815859, 47.411418606578884 ], [ -122.287478390241134, 47.411423617165589 ], [ -122.287470206693257, 47.411428465716547 ], [ -122.287461773480629, 47.411433152843536 ], [ -122.287453174063572, 47.411437677475796 ], [ -122.287444367948112, 47.411442013144907 ], [ -122.287435394877249, 47.411446159341061 ], [ -122.287426215082945, 47.411450115674654 ], [ -122.28741690887756, 47.411453910802109 ], [ -122.287407393224271, 47.41145751340315 ], [ -122.287397754981939, 47.411460901672783 ], [ -122.287387988878749, 47.411464124256831 ], [ -122.287378048370655, 47.411467127776476 ], [ -122.28736799329748, 47.411469919560531 ], [ -122.287357805613382, 47.411472517832308 ], [ -122.287347531785429, 47.41147492559417 ], [ -122.287337411943099, 47.411477057003026 ], [ -122.287337131294592, 47.411477115478256 ], [ -122.287326683627157, 47.411479086465079 ], [ -122.287316109297066, 47.411480839574097 ], [ -122.287305492540938, 47.411482401612361 ], [ -122.287294817259394, 47.41148371791094 ], [ -122.2872840677325, 47.411484842647241 ], [ -122.287277578737928, 47.411485391868972 ], [ -122.287273267080323, 47.411485749436395 ], [ -122.287261241872542, 47.411486178952345 ], [ -122.287249211257773, 47.41148641422356 ], [ -122.287237173809316, 47.411486403991404 ], [ -122.287225169996418, 47.411486173825125 ], [ -122.287213124332411, 47.411485725592449 ], [ -122.287201146174368, 47.411485083979116 ], [ -122.287189165132546, 47.411484195912159 ], [ -122.287177259545501, 47.411483114362639 ], [ -122.287165386843853, 47.411481785900712 ], [ -122.287153549879264, 47.411480265365263 ], [ -122.287141787618964, 47.411478524369052 ], [ -122.287130100063123, 47.411476562912014 ], [ -122.287118485887135, 47.411474381011253 ], [ -122.287106990909152, 47.411472005966608 ], [ -122.287095560037827, 47.411469410597256 ], [ -122.287084258937881, 47.411466621048866 ], [ -122.287073108079838, 47.411463610970706 ], [ -122.287062031403082, 47.411460409225754 ], [ -122.28705111094331, 47.411457011163598 ], [ -122.287040307032626, 47.411453419991744 ], [ -122.287029658663315, 47.411449608222341 ], [ -122.287020350070577, 47.411446080635073 ], [ -122.287019164687564, 47.411445629845865 ], [ -122.287008787810109, 47.411441430465302 ], [ -122.286998648811775, 47.411437064306817 ], [ -122.286988628413411, 47.411432531100793 ], [ -122.286978841743121, 47.411427777194405 ], [ -122.286969212817013, 47.411422881826923 ], [ -122.286962856967151, 47.411419453108486 ], [ -122.286948131084003, 47.411409935305564 ], [ -122.286938913827456, 47.411402403337959 ], [ -122.286928264629779, 47.411392751391972 ], [ -122.286922691320783, 47.411387012369339 ], [ -122.286918993627197, 47.411383383136801 ], [ -122.2869152915749, 47.411379454394542 ], [ -122.286910196974034, 47.411374916490672 ], [ -122.286902284542691, 47.411366460095685 ], [ -122.286898539774683, 47.411360996290128 ], [ -122.286891079301526, 47.411351303451468 ], [ -122.286880348381786, 47.411329999181525 ], [ -122.286814499298615, 47.411095993195566 ], [ -122.286806225080014, 47.411067198868039 ], [ -122.286797664722982, 47.411038408209045 ], [ -122.286788790534899, 47.411009673750122 ], [ -122.286779590818469, 47.410981003737547 ], [ -122.286770068547668, 47.410952362149331 ], [ -122.286760266416806, 47.41092380691169 ], [ -122.286750104512876, 47.410895228398871 ], [ -122.286739654252287, 47.410866764232885 ], [ -122.286728885513554, 47.410838332037052 ], [ -122.28671779709903, 47.41080998400318 ], [ -122.286706386233135, 47.410781667990243 ], [ -122.286694692683895, 47.410753384387803 ], [ -122.286682679485295, 47.410725185846388 ], [ -122.286670344038214, 47.41069707419836 ], [ -122.286661514100274, 47.410677308136371 ], [ -122.286590051591347, 47.410518073772188 ], [ -122.286587368797768, 47.410512099765619 ], [ -122.286588462309538, 47.410786944708164 ], [ -122.286588739713864, 47.410856360276313 ], [ -122.286590423491262, 47.411279836105486 ], [ -122.28659240751395, 47.411779453499214 ], [ -122.286592767152669, 47.411864970784897 ], [ -122.286593391239535, 47.41202553437995 ], [ -122.286594401367438, 47.412277946281655 ], [ -122.286595242866255, 47.412494003172945 ], [ -122.286596313549538, 47.412761880158591 ], [ -122.286530501629343, 47.412767446735167 ], [ -122.286160067567025, 47.412770722282715 ], [ -122.286127472562697, 47.412771011381984 ], [ -122.286117259846492, 47.412771100886026 ], [ -122.285033802593333, 47.412780678403536 ], [ -122.284106564241526, 47.412788865279779 ], [ -122.284062224820204, 47.412789255512926 ], [ -122.284029848385032, 47.412789541211609 ], [ -122.283908349294293, 47.412790612943802 ], [ -122.283784827025741, 47.412791703236095 ], [ -122.283739209090555, 47.412792107002993 ], [ -122.283595135509046, 47.412793377275861 ], [ -122.283005456509187, 47.412798575528605 ], [ -122.282943173297141, 47.412799123727176 ], [ -122.281436773763645, 47.412812391451936 ], [ -122.281370817789309, 47.412812972210226 ], [ -122.281258054821777, 47.412813898918969 ], [ -122.281257863216538, 47.412814349364609 ], [ -122.281302749344164, 47.412957067100372 ] ] ] ] } },
{ "type": "Feature", "properties": { "OBJECTID": 2535, "votdst": "3057", "NAME": "SET 33-3057", "SUM_VOTERS": 311, "Shape_Length": 48149.087476292007, "Shape_Area": 109046382.90710385 }, "geometry": { "type": "MultiPolygon", "coordinates": [ [ [ [ -122.2949350521056, 47.463639258766548 ], [ -122.294939040299724, 47.463639703972703 ], [ -122.294943031146104, 47.463640149144602 ], [ -122.29494701811501, 47.463640597964641 ], [ -122.294951005008414, 47.463641044086778 ], [ -122.294954992027826, 47.463641494705158 ], [ -122.294958980373451, 47.463641945306286 ], [ -122.294962967468578, 47.463642398622163 ], [ -122.294966954588972, 47.463642852837189 ], [ -122.294970941709423, 47.463643307052102 ], [ -122.294974928880336, 47.463643763065384 ], [ -122.294978910746963, 47.463644219146879 ], [ -122.294982900645792, 47.463644677823559 ], [ -122.294986887968037, 47.463645139232113 ], [ -122.294990871312152, 47.463645600691741 ], [ -122.294994858634553, 47.463646062100004 ], [ -122.294998842054312, 47.463646526257186 ], [ -122.29500282422363, 47.463646993129103 ], [ -122.295006810371305, 47.463647459949684 ], [ -122.295010797769564, 47.463647924055195 ], [ -122.295014781416384, 47.463648396305267 ], [ -122.295018764912072, 47.463648863159605 ], [ -122.295022748533782, 47.463649334510137 ], [ -122.295026732231122, 47.463649808558351 ], [ -122.295030710573869, 47.463650280876223 ], [ -122.295034696948719, 47.463650755789288 ], [ -122.295038680747098, 47.46365123343417 ], [ -122.295042660592415, 47.463651712029495 ], [ -122.295046640412679, 47.463652189725337 ], [ -122.295050624286816, 47.463652670067646 ], [ -122.295054604283493, 47.4636531540582 ], [ -122.295058588157815, 47.463653634400217 ], [ -122.295062566803409, 47.463654117508263 ], [ -122.295066546875873, 47.463654604196172 ], [ -122.295070529651028, 47.463655092648352 ], [ -122.295074509748829, 47.463655580235276 ], [ -122.295078489922361, 47.463656070519868 ], [ -122.295082466117634, 47.463656560855604 ], [ -122.295086446291322, 47.463657051139904 ], [ -122.295090422637884, 47.463657546870962 ], [ -122.295094398984574, 47.463658042601949 ], [ -122.29509837920881, 47.463658534684406 ], [ -122.295102351678153, 47.46365903406339 ], [ -122.295106332129251, 47.463659534239056 ], [ -122.295110308602204, 47.463660034465832 ], [ -122.295114285125578, 47.463660536490991 ], [ -122.295118261674261, 47.463661039415314 ], [ -122.295122238298561, 47.463661545037276 ], [ -122.295126211045471, 47.463662054307491 ], [ -122.295130186217861, 47.463662555449915 ], [ -122.295134158939689, 47.463663063820597 ], [ -122.295138135639931, 47.463663572139815 ], [ -122.29514210851309, 47.463664085905826 ], [ -122.295146081335929, 47.463664597873191 ], [ -122.295150054209259, 47.463665111638903 ], [ -122.295154027107813, 47.463665626303801 ], [ -122.295157996078615, 47.46366614281834 ], [ -122.295161969103361, 47.46366666197931 ], [ -122.295165942128094, 47.463667181140146 ], [ -122.295169912500782, 47.46366770033498 ], [ -122.295173881698659, 47.463668224942467 ], [ -122.295177854799221, 47.463668746800714 ], [ -122.295181824047631, 47.463669273206456 ], [ -122.295185793296099, 47.463669799612035 ], [ -122.295189762569848, 47.463670326916777 ], [ -122.295193727865339, 47.463670854272621 ], [ -122.295197697214832, 47.463671384274868 ], [ -122.295201662661697, 47.463671917026083 ], [ -122.295205632137325, 47.463672451524467 ], [ -122.295209597634681, 47.463672986073931 ], [ -122.295213567135676, 47.463673521471328 ], [ -122.295217528680183, 47.463674056971051 ], [ -122.295221491651603, 47.463674596050687 ], [ -122.295225458651785, 47.463675136877448 ], [ -122.295229424325981, 47.463675677721127 ], [ -122.295233386122746, 47.463676222213103 ], [ -122.295237347894414, 47.463676765805616 ], [ -122.295241313745223, 47.463677312943815 ], [ -122.29524527559262, 47.46367785923389 ], [ -122.295249237540844, 47.463678409120938 ], [ -122.295253196811842, 47.463678958142744 ], [ -122.295257156183652, 47.463679510761473 ], [ -122.295261118182552, 47.46368006244662 ], [ -122.295265076304048, 47.463680617780014 ], [ -122.295269038504685, 47.463681176659065 ], [ -122.295272996651548, 47.463681732891452 ], [ -122.29527695352273, 47.463682290939325 ], [ -122.295280911795757, 47.463682851667798 ], [ -122.29528486606543, 47.463683411548118 ], [ -122.295288824414172, 47.463683974974181 ], [ -122.295292776208115, 47.46368454118327 ], [ -122.295296735958701, 47.463685107289741 ], [ -122.295300690505783, 47.463685677061562 ], [ -122.295304648955678, 47.463686244084137 ], [ -122.295308599499535, 47.463686813007619 ], [ -122.295312552846724, 47.463687387292474 ], [ -122.295316503466367, 47.463687958913503 ], [ -122.295320458215457, 47.463688535878774 ], [ -122.295324408910773, 47.463689110197414 ], [ -122.295328358431291, 47.463689689928593 ], [ -122.295332309277939, 47.463690269642569 ], [ -122.295336260124699, 47.463690849356389 ], [ -122.295340205818363, 47.463691434534091 ], [ -122.295344156740882, 47.46369201694548 ], [ -122.29534810381125, 47.463692603904356 ], [ -122.295352049479987, 47.463693188182312 ], [ -122.295355996575665, 47.463693776040209 ], [ -122.29535994374703, 47.463694366595767 ], [ -122.295363768540241, 47.463694945234039 ], [ -122.295367715787364, 47.463695538487165 ], [ -122.295371657982173, 47.463696140801261 ], [ -122.295375601326867, 47.463696736803151 ], [ -122.295379543547071, 47.463697340016232 ], [ -122.295383483039572, 47.463697940565524 ], [ -122.295387422834565, 47.463698551905992 ], [ -122.295391361227956, 47.463699160565561 ], [ -122.295395301073555, 47.463699773704278 ], [ -122.295399239643501, 47.463700388658516 ], [ -122.295403175586529, 47.463701004546024 ], [ -122.295407114333088, 47.463701625794904 ], [ -122.295411050452671, 47.463702247977075 ], [ -122.295414981343669, 47.463702872925289 ], [ -122.295418917589444, 47.463703499603589 ], [ -122.295422848606606, 47.463704129047919 ], [ -122.295426784928154, 47.463704758423738 ], [ -122.295430716096689, 47.463705393263439 ], [ -122.295434648515752, 47.463706025388078 ], [ -122.295438575857361, 47.463706665674394 ], [ -122.295442508503456, 47.463707305892278 ], [ -122.295446439823493, 47.463707946127087 ], [ -122.295450362062581, 47.463708593675555 ], [ -122.29545429218274, 47.463709238423533 ], [ -122.29545821967605, 47.463709884104844 ], [ -122.295462144668434, 47.463710535215824 ], [ -122.295466076291333, 47.463711186241241 ], [ -122.295469994678697, 47.463711838336685 ], [ -122.295473921148641, 47.463712494825842 ], [ -122.295477848995134, 47.4637131530963 ], [ -122.295481770211339, 47.463713811452052 ], [ -122.295485694180599, 47.463714473370644 ], [ -122.295489614121294, 47.463715133541783 ], [ -122.295493539416853, 47.463715795442958 ], [ -122.295497459584482, 47.463716463707343 ], [ -122.295501379651483, 47.463717128374427 ], [ -122.29550530114544, 47.463717796621395 ], [ -122.295509221389025, 47.463718467583178 ], [ -122.295513141607444, 47.463719137645512 ], [ -122.29551705927463, 47.463719811338983 ], [ -122.295520979669718, 47.463720487696023 ], [ -122.295524895985821, 47.463721160507056 ], [ -122.295528811076679, 47.463721836932145 ], [ -122.295532734199867, 47.463722515952369 ], [ -122.295536646714396, 47.463723195109182 ], [ -122.29554056325766, 47.463723876013141 ], [ -122.29554448115239, 47.463724557799168 ], [ -122.295548397721035, 47.463725239602141 ], [ -122.295552314365452, 47.463725924102789 ], [ -122.295556227031696, 47.463726608654575 ], [ -122.295560145077971, 47.463727295835717 ], [ -122.295564057820002, 47.463727983085015 ], [ -122.295567970587356, 47.463728671233525 ], [ -122.295571883405188, 47.463729361180405 ], [ -122.295575801401498, 47.463730046562496 ], [ -122.295579714295158, 47.463730739206895 ], [ -122.29558362313503, 47.463731429204664 ], [ -122.29558753602889, 47.463732121848871 ], [ -122.295591447596706, 47.463732814509974 ], [ -122.295595363218595, 47.463733509817558 ], [ -122.295599276163159, 47.463734204259865 ], [ -122.295603185154732, 47.463734899652565 ], [ -122.295607098099538, 47.463735594094686 ], [ -122.295611008492997, 47.463736292167845 ], [ -122.295614921463184, 47.463736987508916 ], [ -122.295618834509071, 47.463737685547656 ], [ -122.2956227435768, 47.463738383637583 ], [ -122.295626652644643, 47.463739081727304 ], [ -122.295630567016914, 47.463739779748543 ], [ -122.295634476084928, 47.463740477838044 ], [ -122.295638385153069, 47.463741175927368 ], [ -122.295642294347331, 47.463741878512941 ], [ -122.295646207368733, 47.46374257565148 ], [ -122.295650117838861, 47.463743276421205 ], [ -122.29565402698303, 47.463743977207805 ], [ -122.295657936127299, 47.463744677994271 ], [ -122.295661845347283, 47.463745381478503 ], [ -122.295665758318819, 47.463746076817777 ], [ -122.295669662209448, 47.463746779470796 ], [ -122.29567357795942, 47.46374747927203 ], [ -122.295677487104186, 47.463748180057834 ], [ -122.29568139632471, 47.463748883541392 ], [ -122.295685305394102, 47.463749581629095 ], [ -122.295689213213066, 47.463750282431597 ], [ -122.295693124934871, 47.463750980484882 ], [ -122.295697038108884, 47.463751683017321 ], [ -122.295700947153478, 47.463752380205214 ], [ -122.295704856299011, 47.463753080990102 ], [ -122.29570876544463, 47.463753781774862 ], [ -122.295712675840832, 47.463754479844539 ], [ -122.295716588889348, 47.463755177879889 ], [ -122.295720497959692, 47.463755875966434 ], [ -122.295724411008408, 47.463756574001536 ], [ -122.295728320129371, 47.463757273886316 ], [ -122.295732230500874, 47.463757971056076 ], [ -122.295736143398699, 47.463758663695138 ], [ -122.295740056372225, 47.463759359031911 ], [ -122.295743965367592, 47.463760054419794 ], [ -122.295747877015259, 47.46376074977335 ], [ -122.295751788587353, 47.463761442428954 ], [ -122.295755701485689, 47.463762135067334 ], [ -122.295759614384139, 47.463762827705615 ], [ -122.295763527282702, 47.463763520343711 ], [ -122.295767441431806, 47.463764210266781 ], [ -122.295771354254953, 47.463764900206804 ], [ -122.295775267002583, 47.463765587448826 ], [ -122.295779179825942, 47.463766277388572 ], [ -122.295783095251139, 47.463766965495466 ], [ -122.295787010525274, 47.463767648206591 ], [ -122.295790927176, 47.463768332699019 ], [ -122.295794839848554, 47.463769017242583 ], [ -122.295798757749921, 47.463769699019821 ], [ -122.295802670347072, 47.463770380865284 ], [ -122.295806590976426, 47.463771065305899 ], [ -122.295810503397348, 47.463771740856146 ], [ -122.295814425201826, 47.463772419883782 ], [ -122.295818341626415, 47.463773096281763 ], [ -122.29582236097653, 47.463773847818999 ], [ -122.295825977122945, 47.463774743990889 ], [ -122.295831485873364, 47.463775956717058 ], [ -122.2958353363003, 47.463776786897029 ], [ -122.295839190730831, 47.463777617924862 ], [ -122.295843041158008, 47.463778448104591 ], [ -122.295846899516647, 47.463779277282342 ], [ -122.29585075382154, 47.463780103813427 ], [ -122.295854608151686, 47.463780931243697 ], [ -122.295858463782949, 47.463781757757417 ], [ -122.295862320589123, 47.463782578858257 ], [ -122.295866174844093, 47.463783403590256 ], [ -122.295870032926231, 47.463784222875233 ], [ -122.295873891134448, 47.463785046656412 ], [ -122.295877749191618, 47.463785865041835 ], [ -122.295881609926269, 47.463786684292209 ], [ -122.295885469334976, 47.463787503559573 ], [ -122.29588932999431, 47.463788320111824 ], [ -122.295893189378035, 47.463789138479669 ], [ -122.295897050012343, 47.463789954132395 ], [ -122.295900909345917, 47.463790770701401 ], [ -122.295904765876159, 47.463791581908801 ], [ -122.295908631764817, 47.46379239569422 ], [ -122.295912493675289, 47.463793209530813 ], [ -122.295916358162529, 47.463794020635255 ], [ -122.295920221399356, 47.463794834454497 ], [ -122.295924081958887, 47.463795647408489 ], [ -122.295927943794283, 47.46379645854671 ], [ -122.295931809582811, 47.463797268734304 ], [ -122.295935673994961, 47.463798077140247 ], [ -122.295939537156784, 47.46379888826101 ], [ -122.295943401569161, 47.463799696666683 ], [ -122.295947263405139, 47.463800507804272 ], [ -122.295951129143916, 47.46380131619263 ], [ -122.295954993556663, 47.463802124597926 ], [ -122.295958856643466, 47.463802933020197 ], [ -122.295962721056469, 47.463803741425231 ], [ -122.295966582817357, 47.463804549864335 ], [ -122.29597044457843, 47.463805358303297 ], [ -122.29597431694836, 47.46380616660538 ], [ -122.29597818003576, 47.463806975026976 ], [ -122.29598204444936, 47.463807783431378 ], [ -122.295985908863074, 47.463808591835623 ], [ -122.295989771950815, 47.463809400256835 ], [ -122.295993636364827, 47.463810208660817 ], [ -122.295997499452781, 47.463811017081781 ], [ -122.29600135996435, 47.463811828234618 ], [ -122.296005228356961, 47.463812636586937 ], [ -122.296009091445313, 47.463813445007482 ], [ -122.296012955935481, 47.463814256108627 ], [ -122.296016815045789, 47.463815064580224 ], [ -122.296020683564905, 47.463815877428367 ], [ -122.296024548055428, 47.463816688529135 ], [ -122.296028407292127, 47.463817501496706 ], [ -122.296032271782963, 47.463818312597155 ], [ -122.296036135023343, 47.463819126412467 ], [ -122.296039995536148, 47.463819937563954 ], [ -122.296043860102898, 47.463820751361901 ], [ -122.296047719441034, 47.463821567925905 ], [ -122.296051580029754, 47.463822381774825 ], [ -122.296055439418538, 47.463823200137121 ], [ -122.296059300057962, 47.463824015784347 ], [ -122.296063159396581, 47.463824832347825 ], [ -122.296067020137031, 47.463825651591939 ], [ -122.296070874247164, 47.463826470921319 ], [ -122.296074736364332, 47.463827291946551 ], [ -122.296078586546841, 47.463828113125579 ], [ -122.296082452592202, 47.463828932300721 ], [ -122.296086309506208, 47.463829756991096 ], [ -122.296090165119466, 47.463830582597652 ], [ -122.296094022033785, 47.463831407287763 ], [ -122.296097873643802, 47.46383223204608 ], [ -122.296101730659132, 47.463833060333016 ], [ -122.296105582345106, 47.463833887788866 ], [ -122.296109436758897, 47.463834717908291 ], [ -122.296113291273699, 47.463835551624669 ], [ -122.296117139057344, 47.463836381829289 ], [ -122.296120992321889, 47.463837218260281 ], [ -122.296124844159664, 47.463838051111168 ], [ -122.296128693521837, 47.463838890291029 ], [ -122.296132541381567, 47.463839723192962 ], [ -122.296136390895271, 47.463840567768216 ], [ -122.296140239032525, 47.463841410561912 ], [ -122.296144083116062, 47.463842250708879 ], [ -122.296147928651791, 47.463843095335037 ], [ -122.29615177291204, 47.463843941776716 ], [ -122.296155615871498, 47.463844789134633 ], [ -122.296159462884972, 47.463845639138945 ], [ -122.296163303268088, 47.46384648922858 ], [ -122.296167142375751, 47.463847341133778 ], [ -122.296170985562597, 47.463848196584621 ], [ -122.296174826097356, 47.463849052069534 ], [ -122.296178662805261, 47.463849913001262 ], [ -122.296182500763749, 47.463850771217963 ], [ -122.296186337547496, 47.463851634847245 ], [ -122.296190170353128, 47.463852498527672 ], [ -122.296194007212819, 47.463853364854572 ], [ -122.296197837517752, 47.463854233964611 ], [ -122.296201670475043, 47.463855103040281 ], [ -122.296205503583636, 47.463855977511507 ], [ -122.296209332714156, 47.463856852033906 ], [ -122.296213162021289, 47.463857732851096 ], [ -122.296216985847707, 47.463858607441615 ], [ -122.296220813879359, 47.463859490074171 ], [ -122.296224639309415, 47.463860374539316 ], [ -122.296228464739613, 47.463861259004418 ], [ -122.296232286292479, 47.463862147117709 ], [ -122.296236107946342, 47.463863038827952 ], [ -122.296239925748083, 47.463863935085818 ], [ -122.296243747477831, 47.463864829493637 ], [ -122.296247561427606, 47.46386573029887 ], [ -122.296251379280193, 47.463866628354815 ], [ -122.296255193356345, 47.463867533656156 ], [ -122.296259007533422, 47.463868442554492 ], [ -122.296262817581066, 47.463869346108297 ], [ -122.296266627906249, 47.463870259554007 ], [ -122.296270761571719, 47.463871160734399 ], [ -122.296274571972731, 47.463872076877692 ], [ -122.296278371840799, 47.463872995855411 ], [ -122.296282182317796, 47.463873914696286 ], [ -122.296285990167831, 47.46387483447046 ], [ -122.296289796742442, 47.463875756060141 ], [ -122.296293603367559, 47.463876679448255 ], [ -122.296297402061455, 47.463877603838121 ], [ -122.296301212690338, 47.463878528073963 ], [ -122.296305015438463, 47.463879455110067 ], [ -122.296308815610146, 47.463880384878131 ], [ -122.296312619760187, 47.463881314594694 ], [ -122.296316422584354, 47.463882244328296 ], [ -122.296320225484237, 47.463883176759559 ], [ -122.296324020478153, 47.463884111091822 ], [ -122.296327827407083, 47.463885045270068 ], [ -122.296331623828209, 47.463885983182088 ], [ -122.296335424227706, 47.4638869210427 ], [ -122.296339219348226, 47.463887859870823 ], [ -122.296343018497609, 47.463888800446099 ], [ -122.296346817647077, 47.463889741021255 ], [ -122.296350611593226, 47.463890685261767 ], [ -122.296354406915995, 47.463891631283559 ], [ -122.296358202289312, 47.463892579103835 ], [ -122.296361994934912, 47.463893524260328 ], [ -122.296365787681623, 47.463894473013774 ], [ -122.296369583105744, 47.463895422632199 ], [ -122.296373374602197, 47.463896374100308 ], [ -122.296377164797946, 47.463897326484712 ], [ -122.296380956420691, 47.463898282448959 ], [ -122.296384747967991, 47.463899235715253 ], [ -122.296388538315441, 47.463900193494894 ], [ -122.296392322082923, 47.463901153158488 ], [ -122.296396113756714, 47.463902110920785 ], [ -122.296399900353165, 47.463903076844787 ], [ -122.296403688023716, 47.463904033758865 ], [ -122.296407475946566, 47.463904999665566 ], [ -122.296411258413897, 47.46390596024488 ], [ -122.296415046488306, 47.463906931546944 ], [ -122.296418827755858, 47.463907896639469 ], [ -122.296422613102749, 47.463908865277681 ], [ -122.296426397199284, 47.463909836630677 ], [ -122.296430175991546, 47.463910808051949 ], [ -122.296433960164009, 47.463911782102514 ], [ -122.296437739032243, 47.463912756221355 ], [ -122.296441519302334, 47.463913733020746 ], [ -122.29644529692041, 47.463914709854279 ], [ -122.296449074538586, 47.463915686687656 ], [ -122.296452852232619, 47.463916666218722 ], [ -122.296456630002339, 47.463917648447513 ], [ -122.296460399815714, 47.463918630778764 ], [ -122.296464181639735, 47.463919615653808 ], [ -122.296467955507268, 47.463920600631354 ], [ -122.296471729374986, 47.463921585608738 ], [ -122.29647549934019, 47.463922573335118 ], [ -122.296479277337752, 47.463923563656635 ], [ -122.296483048755391, 47.463924555862079 ], [ -122.296486817445398, 47.463925545403683 ], [ -122.296490588964218, 47.463926541205979 ], [ -122.296494357679663, 47.463927531646654 ], [ -122.296498129249187, 47.463928529247198 ], [ -122.296501891536195, 47.463929526967348 ], [ -122.296505657826842, 47.463930525535332 ], [ -122.296509425494165, 47.463931525884675 ], [ -122.296513190509472, 47.463932526268046 ], [ -122.29651695820229, 47.463933527516367 ], [ -122.296520722017817, 47.463934532412949 ], [ -122.296524483156077, 47.463935536444396 ], [ -122.296528247047604, 47.46393654403856 ], [ -122.29653200693572, 47.463937550784671 ], [ -122.29653576825099, 47.463938561110588 ], [ -122.296539528215021, 47.463939570554238 ], [ -122.296543288280077, 47.463940583594905 ], [ -122.296547043015693, 47.463941595804513 ], [ -122.296550805733276, 47.46394260881069 ], [ -122.296554561971831, 47.463943627297922 ], [ -122.296558314131332, 47.463944642239184 ], [ -122.296562071620613, 47.463945658011234 ], [ -122.296565824032612, 47.463946681945011 ], [ -122.296569580322142, 47.463947702230243 ], [ -122.296573332658781, 47.463948723465982 ], [ -122.296577079766806, 47.46394974746778 ], [ -122.296580834907218, 47.463950774064671 ], [ -122.296584583442524, 47.463951801646246 ], [ -122.296588331977944, 47.463952829227665 ], [ -122.296592080563997, 47.463953858607532 ], [ -122.296595829074519, 47.463954885289468 ], [ -122.296599573682514, 47.463955914720373 ], [ -122.296603317191611, 47.463956952261753 ], [ -122.296607064603421, 47.46395798705386 ], [ -122.296610809363202, 47.463959021880058 ], [ -122.296614554198797, 47.463960059403924 ], [ -122.296618295056206, 47.463961096978998 ], [ -122.296622035989458, 47.463962137251784 ], [ -122.296625776922852, 47.463963177524434 ], [ -122.296629517856417, 47.463964217796956 ], [ -122.296633255038799, 47.463965266214124 ], [ -122.296636991994347, 47.463966306537728 ], [ -122.296640729151804, 47.463967354055377 ], [ -122.296644466309402, 47.463968401572906 ], [ -122.296648199514081, 47.463969450040906 ], [ -122.296651936697188, 47.463970498457456 ], [ -122.296655669977824, 47.463971549623004 ], [ -122.296659403359484, 47.463972604385567 ], [ -122.296663132737763, 47.463973658300027 ], [ -122.296666866094498, 47.463974712163015 ], [ -122.296670595599181, 47.463975770573626 ], [ -122.296674321050077, 47.463976826337557 ], [ -122.296678050580283, 47.463977885647154 ], [ -122.296681776157612, 47.463978945907222 ], [ -122.29668550576379, 47.463980007914394 ], [ -122.296689224862149, 47.463981073655383 ], [ -122.296692951816453, 47.463982135696526 ], [ -122.296696673592592, 47.463983202302337 ], [ -122.296700399347216, 47.463984268856699 ], [ -122.296704121174088, 47.463985337260809 ], [ -122.296707839073235, 47.463986407514675 ], [ -122.296711307767083, 47.46398748458072 ], [ -122.296715027118793, 47.463988559313599 ], [ -122.2967187371123, 47.463989631468216 ], [ -122.296722455339932, 47.46399071341218 ], [ -122.296726166861575, 47.463991792743656 ], [ -122.29672987855993, 47.463992878369943 ], [ -122.296733588932355, 47.463993964013248 ], [ -122.2967372993553, 47.463995051454944 ], [ -122.296741004625432, 47.463996144360586 ], [ -122.296744711221763, 47.463997237249039 ], [ -122.29674841258948, 47.463998332903564 ], [ -122.296752115359183, 47.463999431238705 ], [ -122.296755818204687, 47.464000532271491 ], [ -122.296759515796339, 47.464001635171201 ], [ -122.296763214789934, 47.464002740751447 ], [ -122.296766912482852, 47.464003847248009 ], [ -122.296770607599356, 47.464004956476401 ], [ -122.296774301389931, 47.464006065721868 ], [ -122.296777996683318, 47.464007181244995 ], [ -122.29678168664725, 47.46400829593712 ], [ -122.296785378063504, 47.464009415108428 ], [ -122.296789064099883, 47.46401053165016 ], [ -122.296792752889459, 47.464011651754682 ], [ -122.29679644178016, 47.464012775456176 ], [ -122.296800124090936, 47.464013901041618 ], [ -122.296803811731451, 47.464015027457819 ], [ -122.296807494168647, 47.46401615753944 ], [ -122.296811176606013, 47.464017287620869 ], [ -122.296814856366126, 47.464018416837142 ], [ -122.296818538955137, 47.464019552314042 ], [ -122.296822217565975, 47.464020687842094 ], [ -122.29682589490136, 47.464021825185696 ], [ -122.296829572236831, 47.464022962529135 ], [ -122.296833247021254, 47.464024103503817 ], [ -122.296836921805792, 47.464025244478385 ], [ -122.296840595314848, 47.464026387268433 ], [ -122.296844272878019, 47.464027532704925 ], [ -122.296847943810846, 47.464028678226789 ], [ -122.296851614819474, 47.464029826446378 ], [ -122.296855285828357, 47.46403097466581 ], [ -122.296858958163384, 47.464032122868034 ], [ -122.296862625269966, 47.464033273836414 ], [ -122.296866292452279, 47.464034427502455 ], [ -122.296869959634833, 47.464035581168403 ], [ -122.296873626817458, 47.464036734834259 ], [ -122.296877294076012, 47.464037891197769 ], [ -122.296880956030265, 47.464039047629598 ], [ -122.296884626016947, 47.464040206656499 ], [ -122.296888289373285, 47.464041365768814 ], [ -122.296891952729837, 47.464042524880988 ], [ -122.296895616288325, 47.46404369118725 ], [ -122.296899279619922, 47.464044849399947 ], [ -122.296902939074329, 47.464046011260912 ], [ -122.296906602582808, 47.464047175768279 ], [ -122.296910262113215, 47.464048340326855 ], [ -122.296913921643764, 47.464049504885253 ], [ -122.296917579949252, 47.464050673057784 ], [ -122.296921239480156, 47.464051837616005 ], [ -122.296924901739033, 47.464053004837709 ], [ -122.296928561396314, 47.464054173892066 ], [ -122.296932217075508, 47.464055342997611 ], [ -122.29693587668271, 47.464056510253123 ], [ -122.296939532387455, 47.464057680257717 ], [ -122.296943188117538, 47.464058851161461 ], [ -122.296946847876569, 47.464060023812294 ], [ -122.296950503581826, 47.464061193816512 ], [ -122.296954159312392, 47.464062364719915 ], [ -122.29695781509362, 47.464063537421751 ], [ -122.296961466896747, 47.464064710174746 ], [ -122.296965126681826, 47.464065883724274 ], [ -122.296968782463495, 47.464067056425712 ], [ -122.296972438295839, 47.464068230925641 ], [ -122.296976094052667, 47.46406940272756 ], [ -122.296979749834918, 47.464070575428657 ], [ -122.29698340173988, 47.464071751778071 ], [ -122.296987057522387, 47.46407292447897 ], [ -122.296990713305092, 47.464074097179683 ], [ -122.296994369113193, 47.464075270779603 ], [ -122.296998020993612, 47.464076446229235 ], [ -122.297001676902894, 47.464077623426007 ], [ -122.297005332661044, 47.464078795227046 ], [ -122.29700898844456, 47.464079967927184 ], [ -122.297012640350857, 47.46408114427566 ], [ -122.297016296134686, 47.464082316975556 ], [ -122.297019951918713, 47.46408348967541 ], [ -122.297023607728136, 47.464084663274356 ], [ -122.29702726351249, 47.46408583597394 ], [ -122.297030923325721, 47.464087010420606 ], [ -122.297034575031205, 47.464088179574198 ], [ -122.297038230816057, 47.464089352273398 ], [ -122.297041886575855, 47.464090524073235 ], [ -122.297045546314052, 47.464091695821644 ], [ -122.297049202023729, 47.464092865822657 ], [ -122.297052857783996, 47.464094037622139 ], [ -122.297056517371345, 47.464095203974566 ], [ -122.297060173081519, 47.464096373975259 ], [ -122.297063828716162, 47.464097541277965 ], [ -122.2970674923328, 47.464098709377232 ], [ -122.297071151946028, 47.464099876628445 ], [ -122.297074810233383, 47.464101043896633 ], [ -122.29707846977125, 47.464102208449773 ], [ -122.297082125381493, 47.464103374852662 ], [ -122.297085795503307, 47.464104538369455 ], [ -122.29708945496607, 47.464105700224373 ], [ -122.297093122385533, 47.464106861976568 ], [ -122.297096781848595, 47.464108023831301 ], [ -122.297100445214411, 47.464109182936767 ], [ -122.29710411260919, 47.464110343789336 ], [ -122.297138041758828, 47.464111497484787 ], [ -122.297138043743288, 47.464121026020088 ], [ -122.297468857422416, 47.464239939198414 ], [ -122.297645708813732, 47.464309447856664 ], [ -122.297792883861391, 47.464367290915362 ], [ -122.297894067212439, 47.464409376284969 ], [ -122.297995599712038, 47.464455198496033 ], [ -122.298232079933456, 47.464559146005222 ], [ -122.29840123461139, 47.464633499167789 ], [ -122.298634006575469, 47.464745734976361 ], [ -122.298893566803514, 47.46487088444006 ], [ -122.298993918153712, 47.464919270503664 ], [ -122.299094309077432, 47.464965138888417 ], [ -122.299239130859263, 47.465031644878486 ], [ -122.299279802991961, 47.465050854868771 ], [ -122.299454046880541, 47.465132663212486 ], [ -122.302015593239176, 47.46512491794936 ], [ -122.302423892121098, 47.465123673526207 ], [ -122.303780997878434, 47.465119582046775 ], [ -122.303970069061677, 47.465126653140089 ], [ -122.304157780158533, 47.465143688440897 ], [ -122.304179676587239, 47.465146868080744 ], [ -122.304342958413102, 47.465170588911292 ], [ -122.304352463150934, 47.465172503291413 ], [ -122.304486238771801, 47.465199474355529 ], [ -122.304524484732028, 47.46520718285678 ], [ -122.304701261314619, 47.465253254233268 ], [ -122.304844457333274, 47.465299549413061 ], [ -122.304959333661699, 47.465351558031855 ], [ -122.304962159617432, 47.46535283749882 ], [ -122.304963785665578, 47.465353576573669 ], [ -122.304964939876257, 47.465354095967868 ], [ -122.304967139968142, 47.465355103775551 ], [ -122.304968245829528, 47.465355602206337 ], [ -122.304970093758101, 47.465356447255282 ], [ -122.30497159633147, 47.465357135754545 ], [ -122.304973272309041, 47.465357904768219 ], [ -122.30497465658523, 47.465358538126736 ], [ -122.304976328635192, 47.465359308990486 ], [ -122.304977661935197, 47.465359922319266 ], [ -122.304979553238653, 47.465360800090828 ], [ -122.304981051960723, 47.465361493137891 ], [ -122.304982720108555, 47.465362266750965 ], [ -122.30498421885612, 47.465362960697306 ], [ -122.304985598081672, 47.465363603117211 ], [ -122.304987263729586, 47.46536438216026 ], [ -122.304988925399101, 47.465365161254901 ], [ -122.304990466093841, 47.46536588434391 ], [ -122.304991959689204, 47.465366583754573 ], [ -122.304993618782731, 47.465367365581308 ], [ -122.304995115207944, 47.465368071252435 ], [ -122.304996651975173, 47.465368796191555 ], [ -122.304998262770141, 47.465369558853403 ], [ -122.304999679990061, 47.465370231366883 ], [ -122.305001455007911, 47.465371078260581 ], [ -122.305002987898362, 47.465371806848268 ], [ -122.305004476519272, 47.465372518018093 ], [ -122.305006127859286, 47.465373307142059 ], [ -122.305007492726233, 47.465373957844335 ], [ -122.305009263918109, 47.46537481018516 ], [ -122.305010505284756, 47.465375409412673 ], [ -122.305012108402352, 47.465376182069555 ], [ -122.305013961832557, 47.465377081022545 ], [ -122.305015656446059, 47.465377899271999 ], [ -122.305016109540603, 47.465378112898328 ], [ -122.305016920712148, 47.465378510796853 ], [ -122.305018405557959, 47.465379229212282 ], [ -122.305020089689322, 47.465380052095625 ], [ -122.305021566578446, 47.465380770614203 ], [ -122.305022923818754, 47.465381433110039 ], [ -122.30502467805043, 47.465382295566187 ], [ -122.305026199488253, 47.465383041394553 ], [ -122.305027671225204, 47.465383765377503 ], [ -122.305029184680947, 47.46538451040977 ], [ -122.305030816637071, 47.465385317776814 ], [ -122.305032288450221, 47.465386044457475 ], [ -122.305034080600123, 47.465386934309358 ], [ -122.305035269893153, 47.465387521617579 ], [ -122.305036898023246, 47.465388334431779 ], [ -122.305038526127959, 47.465389146346645 ], [ -122.305039992839738, 47.465389880290218 ], [ -122.305041499868125, 47.465390632602499 ], [ -122.305043124096102, 47.465391448165995 ], [ -122.305044465727747, 47.465392121659271 ], [ -122.305046208506866, 47.465393001356063 ], [ -122.305047550214695, 47.465393677547141 ], [ -122.305049330734263, 47.465394578344814 ], [ -122.305050509596171, 47.465395172085373 ], [ -122.305052161107966, 47.465396014282959 ], [ -122.305053863697594, 47.465396880107264 ], [ -122.305055200227912, 47.465397560863373 ], [ -122.305056854442824, 47.465398404825031 ], [ -122.305058306745238, 47.465399145252469 ], [ -122.305059763178249, 47.465399891023935 ], [ -122.305061375852063, 47.465400720231059 ], [ -122.305062742216975, 47.465401423989761 ], [ -122.305064591917002, 47.465402378765702 ], [ -122.305065800715028, 47.465402999105876 ], [ -122.305067406834453, 47.465403831096737 ], [ -122.305068855513881, 47.465404584165441 ], [ -122.305070460383376, 47.465405418871285 ], [ -122.305072065253, 47.465406253577115 ], [ -122.305073513932498, 47.465407006645748 ], [ -122.305074744608319, 47.465407650091727 ], [ -122.305076431792429, 47.465408534107553 ], [ -122.305077908980337, 47.465409310196073 ], [ -122.305079506045516, 47.465410150400636 ], [ -122.305081101835427, 47.465410992420864 ], [ -122.305082420104952, 47.465411684208775 ], [ -122.305083861107036, 47.465412447272477 ], [ -122.305085605181091, 47.465413372831591 ], [ -122.305086916946948, 47.465414069201756 ], [ -122.305088479228672, 47.465414899062111 ], [ -122.30508982340514, 47.465415615702746 ], [ -122.305091532721022, 47.465416531816963 ], [ -122.305092996800241, 47.465417313472877 ], [ -122.305094431248037, 47.465418079320301 ], [ -122.305096016682995, 47.46541893047069 ], [ -122.3050973220721, 47.465419635919496 ], [ -122.305098903579477, 47.465420488919982 ], [ -122.305100483786148, 47.465421342836976 ], [ -122.305101917060242, 47.465422114097102 ], [ -122.305103370758985, 47.465422903983928 ], [ -122.305104947114231, 47.465423762448793 ], [ -122.305106247199049, 47.465424467966287 ], [ -122.305107822304393, 47.465425329146143 ], [ -122.305109394681367, 47.465426187662544 ], [ -122.305110820151114, 47.465426964421397 ], [ -122.30511211778682, 47.465427677167405 ], [ -122.305113834647173, 47.465428625569089 ], [ -122.305115256214819, 47.465429405077323 ], [ -122.305116824791213, 47.465430269940128 ], [ -122.305118122503089, 47.465430985383861 ], [ -122.305119560440971, 47.465431780872592 ], [ -122.305121249224641, 47.46543272154188 ], [ -122.305122538979901, 47.465433437088805 ], [ -122.305124099802654, 47.465434309248913 ], [ -122.305125660549379, 47.465435178711154 ], [ -122.305126950380838, 47.46543589695581 ], [ -122.305128508602266, 47.465436770948777 ], [ -122.30512991721335, 47.465437561420153 ], [ -122.30513134749917, 47.465438367803159 ], [ -122.305132900492239, 47.465439244562695 ], [ -122.305134453485437, 47.465440121322167 ], [ -122.305135735461818, 47.465440843267082 ], [ -122.305137268284071, 47.46544171039254 ], [ -122.305138714965594, 47.465442533655249 ], [ -122.305140239856584, 47.465443401783169 ], [ -122.305141517981539, 47.465444128275912 ], [ -122.305143334288715, 47.465445168945855 ], [ -122.305144488329631, 47.465445823280731 ], [ -122.305145886636581, 47.46544662468073 ], [ -122.305147571004468, 47.465447596893007 ], [ -122.305148825056321, 47.465448316501146 ], [ -122.305150382637223, 47.465449214791377 ], [ -122.305151775741209, 47.465450019857215 ], [ -122.305153174276654, 47.46545082935058 ], [ -122.305154865630598, 47.465451814066554 ], [ -122.30515611708114, 47.465452535507559 ], [ -122.305157506333785, 47.465453345121283 ], [ -122.305159054885678, 47.465454252524538 ], [ -122.305160569548718, 47.465455134278919 ], [ -122.30516185228683, 47.465455883201656 ], [ -122.305163361823006, 47.465456771319666 ], [ -122.305164763391531, 47.465457594267576 ], [ -122.305166289196478, 47.465458494768974 ], [ -122.305167674597882, 47.465459308930527 ], [ -122.305169200428338, 47.465460210331159 ], [ -122.305170475285948, 47.465460962054841 ], [ -122.30517197974622, 47.465461858335026 ], [ -122.305173374811218, 47.465462685865177 ], [ -122.30517503171184, 47.46546367192736 ], [ -122.305176130056012, 47.465464326984382 ], [ -122.305177660245633, 47.465465241822407 ], [ -122.305179033991223, 47.465466066030594 ], [ -122.305180687116575, 47.465467059338536 ], [ -122.305181935350475, 47.465467807808992 ], [ -122.305183305193893, 47.465468634766623 ], [ -122.305184816741829, 47.465469547147478 ], [ -122.305186198748842, 47.465470382043733 ], [ -122.305187831906338, 47.465471372911729 ], [ -122.305188950675557, 47.465472046595266 ], [ -122.305190444907851, 47.465472956501927 ], [ -122.305191956785819, 47.465473880573278 ], [ -122.305193324129462, 47.465474712960805 ], [ -122.305194697006016, 47.465475553372954 ], [ -122.305196060472866, 47.465476389409126 ], [ -122.305197694011298, 47.465477393766079 ], [ -122.305198921154329, 47.465478147007957 ], [ -122.305200426503347, 47.465479074762285 ], [ -122.305201784716601, 47.465479912665764 ], [ -122.305203146984383, 47.465480753215438 ], [ -122.305204647105143, 47.465481683736357 ], [ -122.305206002742324, 47.465482524372 ], [ -122.30520736110789, 47.465483367671041 ], [ -122.30520885597501, 47.465484300059238 ], [ -122.305210074063808, 47.465485061514869 ], [ -122.305211695946596, 47.465486075918399 ], [ -122.305213054540658, 47.465486927310849 ], [ -122.30521439972128, 47.465487773479623 ], [ -122.305215620665408, 47.465488542095002 ], [ -122.305217360331852, 47.465489640432772 ], [ -122.305218582602166, 47.465490409030927 ], [ -122.305219933315811, 47.465491263224251 ], [ -122.305221402986817, 47.465492195939127 ], [ -122.305222625409527, 47.46549296993286 ], [ -122.305224223523851, 47.465493988242947 ], [ -122.305225571788313, 47.465494849664843 ], [ -122.305226915846163, 47.465495703044859 ], [ -122.305228254700936, 47.465496560090756 ], [ -122.305229595034092, 47.465497422515128 ], [ -122.305231061031449, 47.465498366072701 ], [ -122.305232529681149, 47.465499309595891 ], [ -122.305233740245072, 47.465500086442127 ], [ -122.305235202340285, 47.465501032749117 ], [ -122.305236664435625, 47.4655019790561 ], [ -122.305237871097304, 47.465502758651688 ], [ -122.305239329290416, 47.465503707708024 ], [ -122.305240787483513, 47.465504656764381 ], [ -122.305242117284138, 47.465505522023982 ], [ -122.305243448512456, 47.465506390863446 ], [ -122.305244774410838, 47.465507258872456 ], [ -122.305246224723518, 47.465508210729773 ], [ -122.305247552049593, 47.465509082318626 ], [ -122.30524887404583, 47.465509953077017 ], [ -122.305250190762948, 47.465510824803459 ], [ -122.305251766942973, 47.465511864988159 ], [ -122.305252965952775, 47.465512655478072 ], [ -122.3052544085118, 47.465513614632641 ], [ -122.305255726580654, 47.46551448724113 ], [ -122.305257040797912, 47.465515364397532 ], [ -122.305258483458616, 47.465516327149167 ], [ -122.30525979369763, 47.465517204357148 ], [ -122.305261109291891, 47.465518083294803 ], [ -122.305262671062479, 47.465519129963489 ], [ -122.305263602703576, 47.465519753896842 ], [ -122.305265287892126, 47.465520896121504 ], [ -122.305266592852163, 47.465521774297457 ], [ -122.305267901917489, 47.46552265691821 ], [ -122.305269212385113, 47.465523542219508 ], [ -122.305270635230357, 47.46552450792683 ], [ -122.305271941719667, 47.465525393279741 ], [ -122.305273367369495, 47.465526364348271 ], [ -122.305274542813905, 47.465527165938887 ], [ -122.305275965913069, 47.46552814063886 ], [ -122.305277387660738, 47.465529114456764 ], [ -122.305278563232122, 47.465529920543702 ], [ -122.305279981052195, 47.465530896211696 ], [ -122.30528140022389, 47.465531872761744 ], [ -122.305282690876055, 47.465532761018785 ], [ -122.305283985658875, 47.465533654619811 ], [ -122.305285276539436, 47.465534550970276 ], [ -122.305286685152964, 47.465535529456439 ], [ -122.305287976033625, 47.465536425806818 ], [ -122.305289258881402, 47.465537319562678 ], [ -122.305290547185962, 47.465538218645285 ], [ -122.305292073760938, 47.465539287360528 ], [ -122.305293489233676, 47.465540273854039 ], [ -122.305294395958057, 47.465540908006027 ], [ -122.305295922812206, 47.465541986613218 ], [ -122.305297325049153, 47.465542974177993 ], [ -122.305298600016556, 47.46554387073472 ], [ -122.305299755975668, 47.465544686971462 ], [ -122.305301277626967, 47.465545769244486 ], [ -122.305302421448047, 47.465546578441874 ], [ -122.305303947280777, 47.465547667857464 ], [ -122.305305210237108, 47.46554856187111 ], [ -122.305306363772516, 47.465549386235658 ], [ -122.305307756955187, 47.465550382014186 ], [ -122.305309022969809, 47.465551290381761 ], [ -122.305310408195822, 47.465552286263474 ], [ -122.305311680993427, 47.465553199940636 ], [ -122.305312940352152, 47.465554107494917 ], [ -122.305314323027488, 47.465555107008051 ], [ -122.305315705677529, 47.465556105621872 ], [ -122.305316844549637, 47.465556927477742 ], [ -122.305318223322814, 47.465557929740264 ], [ -122.305319491019105, 47.46555885068036 ], [ -122.305320853650457, 47.465559845055807 ], [ -122.305322000860073, 47.465560680297479 ], [ -122.305323363643765, 47.465561680068568 ], [ -122.305324623383427, 47.465562601111806 ], [ -122.305325994352316, 47.465563608873062 ], [ -122.305327365321304, 47.465564616634353 ], [ -122.305328496465265, 47.46556544668676 ], [ -122.305329734834743, 47.465566362609522 ], [ -122.305331226620439, 47.465567467759669 ], [ -122.305332353938326, 47.465568303259253 ], [ -122.305333714450668, 47.465569316553733 ], [ -122.305334951570302, 47.465570235191478 ], [ -122.305336310756601, 47.465571248503089 ], [ -122.305337557489082, 47.465572178710943 ], [ -122.305338790706486, 47.465573100098084 ], [ -122.305340162259483, 47.465574128542443 ], [ -122.305341250536287, 47.465574943857604 ], [ -122.305342741529017, 47.465576067909524 ], [ -122.30534373359545, 47.465576811604976 ], [ -122.305345315697267, 47.46557801453951 ], [ -122.305346431156494, 47.465578852891596 ], [ -122.305347671537731, 47.465579793077374 ], [ -122.305348997495031, 47.465580804121068 ], [ -122.305350231194936, 47.465581742594253 ], [ -122.305351576098744, 47.465582766886257 ], [ -122.305352683753625, 47.465583610737156 ], [ -122.305354020802255, 47.465584638729375 ], [ -122.305355361803905, 47.465585665770689 ], [ -122.305356576735178, 47.465586597290489 ], [ -122.305357803982233, 47.465587542144519 ], [ -122.30535913978099, 47.465588572851694 ], [ -122.305360243609897, 47.465589422149783 ], [ -122.305361677351385, 47.465590538847707 ], [ -122.305362777201978, 47.465591388197396 ], [ -122.305364232542274, 47.46559251810914 ], [ -122.305365203695558, 47.465593272870969 ], [ -122.305366655184415, 47.465594407330642 ], [ -122.305367961453328, 47.465595425826393 ], [ -122.305368946324734, 47.46559619660303 ], [ -122.305370393886079, 47.465597332912857 ], [ -122.305371464333618, 47.465598174547438 ], [ -122.305372903988982, 47.465599312758982 ], [ -122.305374119580506, 47.465600267659653 ], [ -122.305375186049801, 47.465601109345833 ], [ -122.305376625781449, 47.465602250255174 ], [ -122.305377707371079, 47.465603110636792 ], [ -122.305379021006871, 47.465604155125305 ], [ -122.305380103922687, 47.465605015489707 ], [ -122.305381618621624, 47.465606227394559 ], [ -122.305382594388021, 47.465607004586424 ], [ -122.305384022336995, 47.465608151046091 ], [ -122.30538520322105, 47.465609098300511 ], [ -122.305386404529941, 47.465610064181561 ], [ -122.305387584087896, 47.465611011453184 ], [ -122.305388883288813, 47.465612061526421 ], [ -122.30538995574814, 47.46561292742404 ], [ -122.305391477763166, 47.465614163523064 ], [ -122.305392527221585, 47.465615013526197 ], [ -122.305393944891705, 47.46561617181392 ], [ -122.305394912853927, 47.465616954504526 ], [ -122.30539608062918, 47.465617907326525 ], [ -122.305397491643419, 47.465619064800912 ], [ -122.305398558976066, 47.465619937062151 ], [ -122.305399817987436, 47.465620973263071 ], [ -122.305400907147174, 47.465621866831555 ], [ -122.30540238501969, 47.465623090009082 ], [ -122.305403472853413, 47.465623983594774 ], [ -122.30540475644581, 47.465625044665565 ], [ -122.305405783360314, 47.465625894961029 ], [ -122.305407185574069, 47.465627069641933 ], [ -122.305408243674776, 47.465627943822049 ], [ -122.305409394439124, 47.46562890496098 ], [ -122.305410666172634, 47.465629968884365 ], [ -122.305411837463382, 47.465630952247025 ], [ -122.305413109273104, 47.465632018868213 ], [ -122.305414256059208, 47.465632980058714 ], [ -122.305415428726974, 47.465633965202713 ], [ -122.305416666774519, 47.465635010671356 ], [ -122.305417740325623, 47.46563591523747 ], [ -122.305419003004886, 47.465636987374609 ], [ -122.305420238501739, 47.465638036474743 ], [ -122.305421215614004, 47.465638861327726 ], [ -122.305422630930693, 47.465640077220172 ], [ -122.305423701905895, 47.465640984518387 ], [ -122.305425046589178, 47.465642141953374 ], [ -122.305425992591523, 47.465642945619479 ], [ -122.305427339952502, 47.465644103919324 ], [ -122.305428404474739, 47.46564501759844 ], [ -122.305429716671327, 47.465646152065226 ], [ -122.305430871052778, 47.465647147341876 ], [ -122.305432026836584, 47.465648145299156 ], [ -122.305433150108172, 47.465649119388985 ], [ -122.305434394425049, 47.465650198961015 ], [ -122.305435422583727, 47.465651093320545 ], [ -122.305436752781461, 47.46565225454178 ], [ -122.305437900735498, 47.46565325709858 ], [ -122.305438924915904, 47.465654151509675 ], [ -122.305440249986844, 47.465655319094587 ], [ -122.30544127549345, 47.465656213488515 ], [ -122.305442508052991, 47.465657299510227 ], [ -122.305443648126555, 47.465658304868001 ], [ -122.305444846847848, 47.465659367039422 ], [ -122.305445982968436, 47.465660373348072 ], [ -122.305447123143608, 47.46566138230294 ], [ -122.305448317886587, 47.465662444525925 ], [ -122.305449450079706, 47.465663452684716 ], [ -122.305450640844342, 47.465664514959315 ], [ -122.305451386595863, 47.465665179985642 ], [ -122.305452486403652, 47.465666168773268 ], [ -122.305452872896012, 47.465666513704221 ], [ -122.305454001263044, 47.465667527310181 ], [ -122.30545521678637, 47.465668620749611 ], [ -122.305456341175145, 47.46566963440717 ], [ -122.305457435653139, 47.465670622364321 ], [ -122.305458647274307, 47.465671718553097 ], [ -122.305459739100101, 47.465672706544638 ], [ -122.305460859637478, 47.465673724750133 ], [ -122.305462154538063, 47.465674904421036 ], [ -122.305463061442481, 47.465675732883305 ], [ -122.305464352415484, 47.465676914404341 ], [ -122.305465350530667, 47.465677825346219 ], [ -122.305466550419936, 47.465678928883946 ], [ -122.305467870180721, 47.465680143316753 ], [ -122.305468713006235, 47.465680910537792 ], [ -122.305469937679419, 47.465682046139634 ], [ -122.305471133666501, 47.465683152426706 ], [ -122.305472088508353, 47.465684034243097 ], [ -122.305473433205449, 47.465685286135574 ], [ -122.305474386797314, 47.465686170666956 ], [ -122.305475456257028, 47.465687165245718 ], [ -122.30547688020448, 47.465688498873369 ], [ -122.305477744013288, 47.465689304504998 ], [ -122.305478928217738, 47.465690416342518 ], [ -122.305480112422188, 47.465691528180038 ], [ -122.305481092200424, 47.465692447456085 ], [ -122.305482234355964, 47.465693526553842 ], [ -122.305482599579747, 47.465693869961413 ], [ -122.305536840871113, 47.465747647019867 ], [ -122.305717952134401, 47.465927206486228 ], [ -122.305913501368281, 47.466121113181082 ], [ -122.305934166196323, 47.466141226383094 ], [ -122.305955660182178, 47.466161386395591 ], [ -122.305977677868228, 47.466181299414011 ], [ -122.306000194495667, 47.466200934273353 ], [ -122.306023221206985, 47.466220309720377 ], [ -122.306046744233242, 47.46623940794138 ], [ -122.306070748809262, 47.466258222830525 ], [ -122.30609524013822, 47.466276750721534 ], [ -122.30612019274416, 47.466294982049149 ], [ -122.306145621519391, 47.466312927414982 ], [ -122.306171515169396, 47.466330562676113 ], [ -122.306197847069569, 47.466347884579349 ], [ -122.306224618647562, 47.466364896704228 ], [ -122.306251825518729, 47.466381584713787 ], [ -122.306279465208277, 47.466397954937015 ], [ -122.306307524048492, 47.46641399315736 ], [ -122.306321522004069, 47.466421719853088 ], [ -122.306335972660648, 47.466429692559139 ], [ -122.306364837669179, 47.466445056394761 ], [ -122.306394088394569, 47.46646007876501 ], [ -122.306423729912765, 47.466474751507256 ], [ -122.306453732870324, 47.466489068705009 ], [ -122.306484106422957, 47.466503025741162 ], [ -122.306514824098088, 47.466516624758263 ], [ -122.306545894949878, 47.466529857542064 ], [ -122.306577300437127, 47.4665427252326 ], [ -122.306609040203938, 47.466555215239801 ], [ -122.306641090455201, 47.466567330571088 ], [ -122.306673449584835, 47.466579061351439 ], [ -122.306706096373887, 47.466590407856124 ], [ -122.30673904400723, 47.466601367214878 ], [ -122.306772265834098, 47.466611935275402 ], [ -122.306805739029883, 47.466622102438322 ], [ -122.30683947580863, 47.466631878440317 ], [ -122.30687347066204, 47.466641256155953 ], [ -122.306907700816168, 47.466650227784228 ], [ -122.306942143598448, 47.466658789121389 ], [ -122.306976809744612, 47.466666944525826 ], [ -122.307011685814487, 47.46667468787458 ], [ -122.30704674520787, 47.466682016814218 ], [ -122.307081986547061, 47.466688929563212 ], [ -122.30711740585275, 47.466695426173018 ], [ -122.307152988358681, 47.466701500538058 ], [ -122.307188723479982, 47.466707153695275 ], [ -122.307224596551947, 47.466712383136148 ], [ -122.30726059561286, 47.466717188116327 ], [ -122.307296715230123, 47.466721564208221 ], [ -122.307332940916751, 47.466725515198299 ], [ -122.307369271193352, 47.466729035708063 ], [ -122.307405680785607, 47.466732123366867 ], [ -122.30744215518105, 47.466734781062065 ], [ -122.307478699556484, 47.4667370042282 ], [ -122.307515294196421, 47.4667387994186 ], [ -122.307551929562607, 47.466740157761109 ], [ -122.307588718683022, 47.466741088582381 ], [ -122.307632718802765, 47.466741619839709 ], [ -122.307696487715361, 47.466741929312604 ], [ -122.307707074514255, 47.466741980675586 ], [ -122.309026906458882, 47.466748400338261 ], [ -122.310313685970655, 47.466754644730024 ], [ -122.310327516924431, 47.466754712996625 ], [ -122.31165530386086, 47.466761139795011 ], [ -122.311961498837476, 47.466762621730339 ], [ -122.31231310390713, 47.466766398719713 ], [ -122.312663944435599, 47.466774323662264 ], [ -122.312849069705024, 47.466780829663641 ], [ -122.312854692381251, 47.466781028033644 ], [ -122.312970317943069, 47.466785088954538 ], [ -122.312975936641649, 47.466785287370406 ], [ -122.313056659029428, 47.466788122855654 ], [ -122.313097186685667, 47.466789749812847 ], [ -122.316412513464073, 47.466922727365358 ], [ -122.316412841487093, 47.466922739271126 ], [ -122.317967280081447, 47.466985052993302 ], [ -122.318003368581543, 47.466986289177939 ], [ -122.318040039640053, 47.466987111107741 ], [ -122.318076646568414, 47.46698749755663 ], [ -122.31808301837394, 47.466987492451331 ], [ -122.318113405761238, 47.466987453789599 ], [ -122.318150092839517, 47.466986973746458 ], [ -122.318186750316386, 47.466986059569848 ], [ -122.318203114793434, 47.466985457705206 ], [ -122.318210874304583, 47.466985173548693 ], [ -122.31822339678294, 47.466984711916005 ], [ -122.318259973835694, 47.466982929750074 ], [ -122.318296521463566, 47.4669807197456 ], [ -122.31833301140658, 47.466978067878735 ], [ -122.318340883448755, 47.466977402607526 ], [ -122.318369420304691, 47.466974992447369 ], [ -122.318405737240639, 47.466971482799181 ], [ -122.31844196376997, 47.466967547010277 ], [ -122.318478093056342, 47.466963177973462 ], [ -122.318514082917446, 47.466958385236879 ], [ -122.318520965011714, 47.466957384762686 ], [ -122.318549954596648, 47.46695316942224 ], [ -122.31858569075068, 47.466947527158219 ], [ -122.318621275567097, 47.466941462250311 ], [ -122.318656699838698, 47.466934977518036 ], [ -122.318691946452475, 47.466928077683491 ], [ -122.318727006073416, 47.466920761069886 ], [ -122.318734777632145, 47.466919036452573 ], [ -122.3187618932117, 47.46691302478856 ], [ -122.318796553775456, 47.466904879443469 ], [ -122.318830997303195, 47.466896333905957 ], [ -122.318865231290303, 47.4668873718852 ], [ -122.318899221716634, 47.466878010019641 ], [ -122.318932971157182, 47.466868245576975 ], [ -122.318966458546143, 47.4668580842309 ], [ -122.318999680007053, 47.466847529630705 ], [ -122.319032631458185, 47.466836578231707 ], [ -122.319065285408229, 47.466825242988492 ], [ -122.319097648461707, 47.466813522915253 ], [ -122.319129703403704, 47.46680141913729 ], [ -122.319161442558453, 47.466788941650933 ], [ -122.319192853887515, 47.466776087015717 ], [ -122.319223936320441, 47.466762864241936 ], [ -122.319254677818947, 47.466749269889135 ], [ -122.319285044363468, 47.466735320595909 ], [ -122.319315057223477, 47.466721017883209 ], [ -122.319344700279771, 47.466706354765627 ], [ -122.319373956778691, 47.466691348555322 ], [ -122.319402831870889, 47.466675993787476 ], [ -122.319431301941435, 47.466660299767746 ], [ -122.319459360487443, 47.466644271079574 ], [ -122.319486994605711, 47.466627920486793 ], [ -122.319514222631895, 47.46661123965302 ], [ -122.31954101674205, 47.466594229842663 ], [ -122.319567360285305, 47.466576911964957 ], [ -122.319593241505544, 47.46655929247148 ], [ -122.319618678840811, 47.466541366623019 ], [ -122.319643656454204, 47.466523137326085 ], [ -122.319668154812078, 47.466504617431362 ], [ -122.319692172690736, 47.46648581055355 ], [ -122.319715704888281, 47.466466720359584 ], [ -122.319738743704093, 47.466447355946656 ], [ -122.319761269348518, 47.466427721172714 ], [ -122.319783294167067, 47.466407830270001 ], [ -122.319804805891579, 47.466387671704709 ], [ -122.319825793150557, 47.466367265417354 ], [ -122.319846252017157, 47.466346613258942 ], [ -122.319866178641348, 47.46632571977819 ], [ -122.319885556219091, 47.466304600488819 ], [ -122.319904394008205, 47.466283254370197 ], [ -122.319922682649263, 47.46626167884645 ], [ -122.319940404396448, 47.466239902937637 ], [ -122.319957569526437, 47.466217914814621 ], [ -122.319974167661101, 47.466195722709926 ], [ -122.319990183297136, 47.466173341220767 ], [ -122.320005629773505, 47.466150772871309 ], [ -122.320016281032977, 47.466134464723375 ], [ -122.320020487403539, 47.466128025116667 ], [ -122.32003475527172, 47.466105112362733 ], [ -122.320048443680335, 47.466082023679419 ], [ -122.320061521340676, 47.466058778368691 ], [ -122.320074008453005, 47.466035386961309 ], [ -122.320085888976337, 47.466011845169639 ], [ -122.320097155466854, 47.465988171083517 ], [ -122.320107872124979, 47.4659642433149 ], [ -122.320121056075791, 47.465932485441385 ], [ -122.320189534228234, 47.465759714149485 ], [ -122.320196356237062, 47.46574250527609 ], [ -122.320437945900565, 47.465132949829972 ], [ -122.320536263246751, 47.464884887022777 ], [ -122.320686950709586, 47.464504677480583 ], [ -122.320698251840483, 47.464477120178216 ], [ -122.320710108389193, 47.464450060272505 ], [ -122.320722656126605, 47.464423141539143 ], [ -122.320735891586168, 47.464396382015465 ], [ -122.320749822518366, 47.464369774402762 ], [ -122.320764426968282, 47.464343339679459 ], [ -122.320771970780541, 47.464330383634021 ], [ -122.320779714371483, 47.464317083119298 ], [ -122.320795674272134, 47.464291010256581 ], [ -122.320812304171, 47.464265126521482 ], [ -122.320829591293375, 47.464239449173711 ], [ -122.320847543697624, 47.464213981705612 ], [ -122.320866151972126, 47.464188719742282 ], [ -122.320874585564411, 47.464177753646091 ], [ -122.320885401049026, 47.464163693167833 ], [ -122.320905282766034, 47.464138894892201 ], [ -122.320925810844926, 47.464114340927985 ], [ -122.320946969141119, 47.464090023390057 ], [ -122.320968747660686, 47.464065963999559 ], [ -122.320991141201233, 47.4640421664228 ], [ -122.321003522113358, 47.464029505885101 ], [ -122.321014144637388, 47.46401863702382 ], [ -122.321037744989795, 47.46399538586811 ], [ -122.321061951643273, 47.4639724164306 ], [ -122.321086731598939, 47.463949734541259 ], [ -122.3211120985533, 47.463927355313388 ], [ -122.321138039091295, 47.463905273524844 ], [ -122.321142025017053, 47.463902000674551 ], [ -122.321164553443353, 47.463883497268661 ], [ -122.321191602339553, 47.463862045051449 ], [ -122.321219207202205, 47.463840923788794 ], [ -122.32124735698649, 47.463820118331775 ], [ -122.3212760301234, 47.463799663147924 ], [ -122.321305239283831, 47.463779537379629 ], [ -122.321317751590016, 47.463771210280314 ], [ -122.321334949484054, 47.463759770272738 ], [ -122.321365169673385, 47.463740350014518 ], [ -122.32139587777003, 47.463721293087133 ], [ -122.32142707793183, 47.463702605732863 ], [ -122.321458756821187, 47.463684285427405 ], [ -122.321464858839263, 47.463680881358208 ], [ -122.321465101669219, 47.463680744132326 ], [ -122.321490892330957, 47.463666347753588 ], [ -122.321523495018596, 47.463648790773334 ], [ -122.321556537190588, 47.463631620247163 ], [ -122.321590015253705, 47.463614849715803 ], [ -122.321609387004401, 47.463605492526113 ], [ -122.3216110031168, 47.463604713861081 ], [ -122.321623932878751, 47.463598468335526 ], [ -122.321658246998055, 47.463582500960207 ], [ -122.321692981199263, 47.463566937384378 ], [ -122.321728126277236, 47.463551780427295 ], [ -122.321729357280063, 47.463551266798049 ], [ -122.321730404812143, 47.463550832041911 ], [ -122.321763620599398, 47.463537055186315 ], [ -122.321799499457271, 47.463522743206113 ], [ -122.321835747426022, 47.463508861781165 ], [ -122.32187191004455, 47.463495569805957 ], [ -122.321944947379933, 47.463470326785604 ], [ -122.322253453273291, 47.463363705078628 ], [ -122.322390879669399, 47.463316208921405 ], [ -122.322494408095579, 47.463280428639727 ], [ -122.322921086525071, 47.463280979531895 ], [ -122.323433204309879, 47.463281635684247 ], [ -122.32343250148017, 47.463117706176178 ], [ -122.32341357604858, 47.461867619819472 ], [ -122.323424337652952, 47.461015850634958 ], [ -122.32342967042311, 47.460593770210103 ], [ -122.323430004919729, 47.460563721688715 ], [ -122.323441043850423, 47.460405444938608 ], [ -122.32347171391298, 47.460248392012559 ], [ -122.323521454475596, 47.460093607500937 ], [ -122.323530084631372, 47.460074516971254 ], [ -122.323589923965727, 47.459942142104261 ], [ -122.323676648177198, 47.459795046457735 ], [ -122.323781038833033, 47.459653092010797 ], [ -122.324417998368261, 47.458935852358927 ], [ -122.324570196917833, 47.458751130388748 ], [ -122.324699651944712, 47.45855859361761 ], [ -122.324805505201809, 47.45835953354738 ], [ -122.324902686149883, 47.458110331798018 ], [ -122.324982304917242, 47.457858277005542 ], [ -122.324985582869502, 47.457846455368589 ], [ -122.32513053138112, 47.457330844891274 ], [ -122.325250010476566, 47.456905817593793 ], [ -122.32525269309869, 47.456896281578672 ], [ -122.325491946522163, 47.456045162017531 ], [ -122.325921739987649, 47.454559132838369 ], [ -122.32594414829164, 47.45448167251142 ], [ -122.325976903408474, 47.45436841296295 ], [ -122.326074645775364, 47.454030458337066 ], [ -122.32599078014978, 47.453886827798655 ], [ -122.325167819908501, 47.452477355109679 ], [ -122.325152213580438, 47.452450634237458 ], [ -122.325136734947719, 47.452424111396546 ], [ -122.32508059097961, 47.452343903157853 ], [ -122.324978488730508, 47.452167590681682 ], [ -122.324321783985056, 47.451044078147945 ], [ -122.324086837509071, 47.450642144588151 ], [ -122.32355580269909, 47.449713588042492 ], [ -122.322976234480521, 47.448710488426414 ], [ -122.322755184068058, 47.448709798942566 ], [ -122.322514973282296, 47.448291150336424 ], [ -122.322277273395798, 47.447886700970152 ], [ -122.322153986636778, 47.447676961478678 ], [ -122.321214995393277, 47.446088970480176 ], [ -122.320999596057788, 47.445727383835766 ], [ -122.320860284930646, 47.445447170411533 ], [ -122.320772068454872, 47.445266579242215 ], [ -122.320771261420447, 47.445264923757456 ], [ -122.320743862361965, 47.445184354618043 ], [ -122.320916385222858, 47.445184224206585 ], [ -122.320957761499741, 47.445184191632592 ], [ -122.321017864706945, 47.445184146425682 ], [ -122.321465343407297, 47.445183807311096 ], [ -122.321449026085745, 47.445103441986014 ], [ -122.321448524577349, 47.44510157288957 ], [ -122.321409557667181, 47.444956741261244 ], [ -122.321345309357255, 47.444717769289504 ], [ -122.321257196883138, 47.444390295965398 ], [ -122.321216193857524, 47.444237776886744 ], [ -122.32119467139556, 47.444156401189488 ], [ -122.321109397427591, 47.444029138953361 ], [ -122.321036285087104, 47.443920061884079 ], [ -122.321059015561147, 47.443666813799425 ], [ -122.321080270080714, 47.44342976355933 ], [ -122.321080376321291, 47.443428373176182 ], [ -122.321123420068687, 47.442860506169289 ], [ -122.321131414308354, 47.442755245616773 ], [ -122.321260635722297, 47.442172630772689 ], [ -122.321371010883226, 47.441674935605896 ], [ -122.321474053433903, 47.441210486954319 ], [ -122.321934568644508, 47.440541647287176 ], [ -122.322627723523624, 47.439534952228627 ], [ -122.322888734049855, 47.439413372194089 ], [ -122.322964527628457, 47.439378065786983 ], [ -122.323067858656898, 47.439329935391463 ], [ -122.323472880146056, 47.439548748521034 ], [ -122.324131634068195, 47.439889093251132 ], [ -122.324270645686482, 47.438454980956188 ], [ -122.324276910341453, 47.438390385207512 ], [ -122.324296685233136, 47.438186470801234 ], [ -122.324465840223084, 47.436445515893936 ], [ -122.32455070398764, 47.435572141879526 ], [ -122.324677598090787, 47.434266404548318 ], [ -122.32476272772854, 47.433390147207838 ], [ -122.324804725738488, 47.432957647596496 ], [ -122.324889172233796, 47.432088720113292 ], [ -122.324966063077341, 47.431297291276806 ], [ -122.324973976305373, 47.431215840382791 ], [ -122.324951154848236, 47.430261987804379 ], [ -122.324941660212872, 47.429865118727363 ], [ -122.324940133486209, 47.429801279436717 ], [ -122.324930548188192, 47.429400581040682 ], [ -122.324920018602114, 47.428960416799832 ], [ -122.324910202415055, 47.428550139759942 ], [ -122.324909805875421, 47.42855013418086 ], [ -122.3248293604709, 47.428548738225757 ], [ -122.322818367866304, 47.428513841438814 ], [ -122.322124414208417, 47.428501793537031 ], [ -122.321598955108612, 47.42849266586429 ], [ -122.320210220177117, 47.428468532974584 ], [ -122.320074401717733, 47.428466172073797 ], [ -122.319574573533771, 47.428457481621223 ], [ -122.319382072713253, 47.428454133784896 ], [ -122.319349082703368, 47.428453560372837 ], [ -122.318473464714017, 47.428438327392982 ], [ -122.318445258794128, 47.428437835894883 ], [ -122.31829817978219, 47.42834567887823 ], [ -122.31831833432615, 47.427907930489454 ], [ -122.318319737970128, 47.427877436234894 ], [ -122.318324624155835, 47.427781658294215 ], [ -122.318333965969188, 47.427686211873358 ], [ -122.31834807860983, 47.427585710522088 ], [ -122.318365932520081, 47.427485805936996 ], [ -122.318366572375652, 47.427482574277164 ], [ -122.318388106218009, 47.427383895534014 ], [ -122.318413206431359, 47.42728606312626 ], [ -122.318436676084275, 47.427205615766788 ], [ -122.318462493601601, 47.427125890876994 ], [ -122.318479025979045, 47.42707858998476 ], [ -122.31851300472573, 47.426988611021152 ], [ -122.318549865018781, 47.426899773597086 ], [ -122.318549921069618, 47.426899646918379 ], [ -122.318551273007159, 47.426896516581365 ], [ -122.318816633765437, 47.426281049030429 ], [ -122.318849803694846, 47.426204119363526 ], [ -122.318901717835118, 47.426083715447142 ], [ -122.318940956040564, 47.425992708411201 ], [ -122.318980227712842, 47.425901624455342 ], [ -122.319082349525615, 47.425664766494101 ], [ -122.319148447659217, 47.425511461601396 ], [ -122.319403020942659, 47.42492099533446 ], [ -122.319431910180597, 47.42485398843759 ], [ -122.319503154111786, 47.424688733903061 ], [ -122.319532842684808, 47.424619873212187 ], [ -122.319560746795275, 47.424555152490441 ], [ -122.319562531281932, 47.42455101611074 ], [ -122.319582945500329, 47.424503657857166 ], [ -122.319592164147096, 47.424482159731149 ], [ -122.319621032308731, 47.424413311567982 ], [ -122.31964889852874, 47.424344472932539 ], [ -122.319655220645714, 47.424328513848401 ], [ -122.319719812988382, 47.424157130100369 ], [ -122.319778931990115, 47.423983782174354 ], [ -122.319832518054483, 47.423808644818187 ], [ -122.319880517162673, 47.423631894583579 ], [ -122.319891493797471, 47.423587925566139 ], [ -122.319894449895529, 47.423575822220876 ], [ -122.319931577355888, 47.423422995611396 ], [ -122.319948270201621, 47.423354272806165 ], [ -122.319964964430895, 47.42328555357836 ], [ -122.319973774526957, 47.423249298274897 ], [ -122.319981655966089, 47.42321683438302 ], [ -122.319998355305344, 47.423148111484075 ], [ -122.320015049326003, 47.423079389551589 ], [ -122.320028086606484, 47.42302572365675 ], [ -122.320047969851757, 47.422943873362222 ], [ -122.319849991749095, 47.422936455733264 ], [ -122.319829264392013, 47.422935995210011 ], [ -122.31937932958904, 47.422926000925486 ], [ -122.319203383887256, 47.422922090619565 ], [ -122.31918134957867, 47.42292158413369 ], [ -122.319143914004215, 47.422920758604093 ], [ -122.318944885690811, 47.422916347041316 ], [ -122.318907368554022, 47.422915496413879 ], [ -122.31887534990534, 47.422914790535302 ], [ -122.318461486445884, 47.422905597423842 ], [ -122.318410627375016, 47.422904453600339 ], [ -122.317871755165584, 47.422894938134753 ], [ -122.316760450731039, 47.422869625786028 ], [ -122.315649139347016, 47.422844299952246 ], [ -122.315541527318942, 47.422840627657891 ], [ -122.315133082519324, 47.422831516202827 ], [ -122.315079191398638, 47.422830299862888 ], [ -122.314654860584, 47.422820873429494 ], [ -122.314531675142192, 47.422818095441201 ], [ -122.314411280953394, 47.422815445484375 ], [ -122.314034087046508, 47.422807018455359 ], [ -122.313965926672296, 47.422805524643195 ], [ -122.313546971285987, 47.422796186698783 ], [ -122.313472745793746, 47.422794523482693 ], [ -122.313404301076361, 47.422793004258068 ], [ -122.313384572918224, 47.422792576293908 ], [ -122.313109661510055, 47.422786431852863 ], [ -122.312260232400305, 47.422781829583684 ], [ -122.311702875978412, 47.422778815958296 ], [ -122.311108344600299, 47.422775598638694 ], [ -122.310973946883934, 47.422774882678851 ], [ -122.310880441146921, 47.42277437313966 ], [ -122.310692863934364, 47.422773363000957 ], [ -122.310568849974842, 47.422772675884858 ], [ -122.310446533604491, 47.422772020492985 ], [ -122.310405840925952, 47.422771783272566 ], [ -122.309726937681603, 47.422768122233308 ], [ -122.309445289572196, 47.422766579835113 ], [ -122.309370005936771, 47.42276616106556 ], [ -122.309279007470408, 47.422765673340379 ], [ -122.308023877609301, 47.4227588631448 ], [ -122.305413364108986, 47.422744610035259 ], [ -122.304209068374931, 47.422738002600191 ], [ -122.302999477050534, 47.422731368259257 ], [ -122.302939351295592, 47.422731051003979 ], [ -122.302230506138727, 47.422727184438806 ], [ -122.302186581522179, 47.422726931265785 ], [ -122.301759178540337, 47.422724570869541 ], [ -122.300814507934803, 47.422719358543617 ], [ -122.300271286919184, 47.42271638106682 ], [ -122.300098390954602, 47.422717592374632 ], [ -122.299703251127738, 47.422713179469923 ], [ -122.299277666855545, 47.422710851872068 ], [ -122.299250302942809, 47.422710721687558 ], [ -122.299008857297395, 47.422709431522328 ], [ -122.298939877969218, 47.422709050276971 ], [ -122.298757956532626, 47.422708041749296 ], [ -122.298631391006921, 47.422707333179048 ], [ -122.298417145436559, 47.422706142719584 ], [ -122.297924935606019, 47.422703410621459 ], [ -122.297629296151911, 47.422701800115455 ], [ -122.297433613797537, 47.422700718896117 ], [ -122.296567336364532, 47.422695916207616 ], [ -122.296365993171094, 47.422694801849602 ], [ -122.295869038297269, 47.426599247484596 ], [ -122.295779354514465, 47.427303851623442 ], [ -122.295770618091893, 47.427372469631806 ], [ -122.295586984354927, 47.428815039387302 ], [ -122.295418541854744, 47.430138182817636 ], [ -122.295387408901988, 47.430410249098941 ], [ -122.295363231271338, 47.430683021466216 ], [ -122.295346024720843, 47.430956322137256 ], [ -122.295335185860054, 47.431219455747403 ], [ -122.295330843290216, 47.431482776691837 ], [ -122.295332999655869, 47.431746124613376 ], [ -122.295341653643831, 47.432009339138396 ], [ -122.295356799984006, 47.432272259974525 ], [ -122.295521402948395, 47.434524962900376 ], [ -122.295521408158493, 47.434525006913532 ], [ -122.295757132731353, 47.437776832800218 ], [ -122.295779961204005, 47.438091700297747 ], [ -122.296298719965279, 47.445271235703281 ], [ -122.296414500782021, 47.446980780048172 ], [ -122.296416913080961, 47.447019246383441 ], [ -122.296420042611615, 47.447073223353733 ], [ -122.296422848115924, 47.447127231491507 ], [ -122.29642533406377, 47.44718124105232 ], [ -122.296427496159708, 47.447235288075483 ], [ -122.296429331287442, 47.447289308729822 ], [ -122.296430845605599, 47.447343333522134 ], [ -122.296432039113199, 47.447397362452463 ], [ -122.296432906531834, 47.447451396488518 ], [ -122.296433449135634, 47.447505433814683 ], [ -122.296433672251595, 47.447559475261706 ], [ -122.296433570576028, 47.447613520898166 ], [ -122.296433145433497, 47.447667570706862 ], [ -122.296432392089784, 47.447721597760832 ], [ -122.296431323231303, 47.447775628884472 ], [ -122.296429928276794, 47.447829665113844 ], [ -122.296428208449939, 47.447883702834709 ], [ -122.296426165796319, 47.447937720430247 ], [ -122.296423799594166, 47.447991739500175 ], [ -122.296421109212304, 47.448045737562531 ], [ -122.296418095279833, 47.448099737099284 ], [ -122.296414759247583, 47.448153742589589 ], [ -122.296411602619571, 47.44821130997812 ], [ -122.2964079515545, 47.448272859972533 ], [ -122.29640393645758, 47.448334386774484 ], [ -122.296399597905136, 47.448395918647762 ], [ -122.296394976161068, 47.448457425386216 ], [ -122.296389989862504, 47.448518937725936 ], [ -122.296384679348876, 47.448580428158614 ], [ -122.296379088241338, 47.448641891623602 ], [ -122.296373128623799, 47.448703361640334 ], [ -122.296366888511002, 47.448764808286327 ], [ -122.296360283056373, 47.448826232655875 ], [ -122.296356764873977, 47.448857609274526 ], [ -122.296356718782576, 47.448857999395464 ], [ -122.296356601472468, 47.44885906603399 ], [ -122.296355512609708, 47.44886876336399 ], [ -122.296353392482033, 47.448887658003443 ], [ -122.296346145893878, 47.448949062753265 ], [ -122.296338605523744, 47.449010443403871 ], [ -122.296330744856249, 47.449071800297183 ], [ -122.29632256126412, 47.449133134366576 ], [ -122.296314013079154, 47.449194473137347 ], [ -122.296305182283149, 47.449255760676486 ], [ -122.29629602393679, 47.449317049740372 ], [ -122.296290730264047, 47.449348818090066 ], [ -122.296279549792501, 47.449414331660634 ], [ -122.296268086131249, 47.449479820994355 ], [ -122.296256257729056, 47.449545262853796 ], [ -122.29624414146204, 47.449610703026437 ], [ -122.296231709503743, 47.449676095091917 ], [ -122.296218950057522, 47.449741491378987 ], [ -122.296205862910497, 47.449806837014719 ], [ -122.296192453364355, 47.449872131930682 ], [ -122.296178722955318, 47.449937430982366 ], [ -122.296164660864704, 47.450002679433659 ], [ -122.296150281129925, 47.450067904991009 ], [ -122.296135617438011, 47.450133079332261 ], [ -122.296120585151627, 47.450198258424258 ], [ -122.296105272101741, 47.450263358371139 ], [ -122.296089634204662, 47.450328462504338 ], [ -122.296073673999985, 47.450393519513845 ], [ -122.296057381929074, 47.450458519627126 ], [ -122.296040769705542, 47.450523502275338 ], [ -122.296023833593082, 47.450588428823814 ], [ -122.296006616997687, 47.450653333797014 ], [ -122.295976061628281, 47.450777749216577 ], [ -122.295969372009239, 47.450801552503101 ], [ -122.295952761149181, 47.450859539835065 ], [ -122.295935872980863, 47.450917476763586 ], [ -122.295918700279685, 47.450975389470102 ], [ -122.295901161416836, 47.451033252018902 ], [ -122.295883296164249, 47.45109106389701 ], [ -122.29586514827129, 47.45114882454029 ], [ -122.29584667403708, 47.45120653631114 ], [ -122.295827876741967, 47.451264221657105 ], [ -122.295808793471849, 47.45132183152154 ], [ -122.295789385813109, 47.451379414977865 ], [ -122.295769654460557, 47.451436949526951 ], [ -122.295749596711275, 47.451494433404221 ], [ -122.295729214485092, 47.451551840496478 ], [ -122.295708548965493, 47.45160922065012 ], [ -122.295687557096613, 47.451666551929975 ], [ -122.295666240722682, 47.451723805525006 ], [ -122.295644641128121, 47.451781034878721 ], [ -122.295622674601418, 47.451838187094104 ], [ -122.295616450731174, 47.451854198322224 ], [ -122.295378986643215, 47.452459762821427 ], [ -122.295288261281286, 47.452671947405079 ], [ -122.295045598855012, 47.453151128665986 ], [ -122.293958342321474, 47.455278505177418 ], [ -122.293560320981683, 47.456057243338613 ], [ -122.291843554708393, 47.459389923717801 ], [ -122.291843077694821, 47.459465024734811 ], [ -122.291842499343574, 47.459556291040634 ], [ -122.291842393072628, 47.459572801838569 ], [ -122.291842231833556, 47.45959849914356 ], [ -122.291842226274468, 47.459599439295481 ], [ -122.291842138528352, 47.4596131008268 ], [ -122.291842007934605, 47.459633297592539 ], [ -122.291841848638811, 47.459658542374548 ], [ -122.291830619088088, 47.459658505909026 ], [ -122.291786889474139, 47.459658362749472 ], [ -122.291728020960761, 47.45965817397466 ], [ -122.291726837727367, 47.459660973441089 ], [ -122.291026384360094, 47.461029176144137 ], [ -122.290730218675364, 47.46160766478431 ], [ -122.290563799901392, 47.461933594649288 ], [ -122.289762574895462, 47.463502702899582 ], [ -122.289968001068331, 47.463519429797444 ], [ -122.290246547741035, 47.463536352785333 ], [ -122.290477177398969, 47.463550364021259 ], [ -122.29074081844756, 47.463558664750003 ], [ -122.290987839101476, 47.463566444308128 ], [ -122.291232911861428, 47.463567413208068 ], [ -122.291728194285895, 47.46356936436031 ], [ -122.291847492175449, 47.463569835278903 ], [ -122.29184758897992, 47.463569834034573 ], [ -122.293174682755918, 47.463575068920122 ], [ -122.293388301875567, 47.46357590796984 ], [ -122.293714733601689, 47.463571631561528 ], [ -122.293836013475172, 47.463572434720625 ], [ -122.293957288591898, 47.463574536832432 ], [ -122.294043866205342, 47.463578302649488 ], [ -122.29442860938795, 47.463595046508964 ], [ -122.294498029033889, 47.463600983248178 ], [ -122.294505995110072, 47.463601648024344 ], [ -122.294510006747331, 47.463601983192561 ], [ -122.29451401978622, 47.463602321041357 ], [ -122.294518027470431, 47.463602657159754 ], [ -122.294522040383526, 47.463602990511895 ], [ -122.294526051945439, 47.463603322981676 ], [ -122.29453007263885, 47.463603649936189 ], [ -122.294534085501752, 47.463603981489321 ], [ -122.294538100966477, 47.463604311209671 ], [ -122.294542113703557, 47.463604638266155 ], [ -122.294546129067712, 47.463604964389106 ], [ -122.294550145707575, 47.463605288696264 ], [ -122.294554160996285, 47.463605612121086 ], [ -122.294558177560674, 47.463605933730115 ], [ -122.294562191573718, 47.463606258970309 ], [ -122.294566209338441, 47.463606576065636 ], [ -122.29457022592824, 47.463606898573545 ], [ -122.294574241040849, 47.463607215702737 ], [ -122.294578257555202, 47.463607535512494 ], [ -122.294582272667981, 47.46360785264141 ], [ -122.294586293034726, 47.463608167903324 ], [ -122.294590309448481, 47.463608484115568 ], [ -122.294594324510996, 47.463608799445538 ], [ -122.294598344903122, 47.463609115606246 ], [ -122.294602359965722, 47.46360943093589 ], [ -122.294606376329298, 47.463609745349032 ], [ -122.29461039667116, 47.463610059710838 ], [ -122.294614411658401, 47.463610372342231 ], [ -122.294618431975167, 47.463610685804454 ], [ -122.294622446962521, 47.463610998435556 ], [ -122.294626467304568, 47.463611312796765 ], [ -122.294630480940697, 47.463611624545379 ], [ -122.294634502558608, 47.46361193709069 ], [ -122.294638518972931, 47.463612253301243 ], [ -122.294642537938742, 47.463612565880432 ], [ -122.294646554302815, 47.463612880292153 ], [ -122.294650571917458, 47.463613191988834 ], [ -122.294654589557339, 47.463613504584643 ], [ -122.294658609950176, 47.463613820743262 ], [ -122.29466262493797, 47.463614133372936 ], [ -122.294666645356102, 47.463614450430541 ], [ -122.294670659068274, 47.463614764875572 ], [ -122.294674676783927, 47.463615080168495 ], [ -122.294678697252522, 47.463615399024249 ], [ -122.294682712316146, 47.463615714351022 ], [ -122.294686732784839, 47.463616033206485 ], [ -122.29469074394585, 47.463616351282056 ], [ -122.294694760436357, 47.463616670188486 ], [ -122.29469877697737, 47.463616990893271 ], [ -122.294702792217464, 47.46361731251428 ], [ -122.294706808758576, 47.463617633218774 ], [ -122.294710824074386, 47.46361795753738 ], [ -122.294714840615526, 47.463618278241604 ], [ -122.294718854756411, 47.463618607972606 ], [ -122.294722868897352, 47.463618937703444 ], [ -122.294726882862037, 47.46361926113925 ], [ -122.294730897078708, 47.46361959356765 ], [ -122.294734913796404, 47.463619920566089 ], [ -122.294738925335778, 47.46362025212909 ], [ -122.294742938302022, 47.463620587271983 ], [ -122.29474694994218, 47.463620922431794 ], [ -122.294750962908537, 47.463621257574403 ], [ -122.294754974649521, 47.463621596331002 ], [ -122.294758987716705, 47.463621935070407 ], [ -122.294762999508265, 47.46362227562534 ], [ -122.294767008723156, 47.463622618912034 ], [ -122.294771020665905, 47.463622964862324 ], [ -122.294775029956526, 47.463623310846586 ], [ -122.294779038072164, 47.463623662243442 ], [ -122.294783047438457, 47.463624010925265 ], [ -122.294787055629826, 47.463624365019669 ], [ -122.294791061169079, 47.463624719148108 ], [ -122.294795073464712, 47.463625077687361 ], [ -122.294799079129973, 47.463625436311908 ], [ -122.29480308754826, 47.463625798499216 ], [ -122.294807090662189, 47.463626160754721 ], [ -122.294811097956014, 47.463626530153007 ], [ -122.294815102522051, 47.463626896887511 ], [ -122.294819108515028, 47.463627267201915 ], [ -122.294823109380019, 47.463627643879398 ], [ -122.294827115524242, 47.463628019589137 ], [ -122.294831116464906, 47.463628398964183 ], [ -122.294835117456032, 47.46362878013759 ], [ -122.294839119874013, 47.463629164890889 ], [ -122.294843121041538, 47.463629552358974 ], [ -122.294847116955111, 47.463629941693789 ], [ -122.294851120926111, 47.463630334523067 ], [ -122.29485511834217, 47.463630730135435 ], [ -122.294859117235632, 47.463631131126249 ], [ -122.294863114803007, 47.463631532133981 ], [ -122.29486710854323, 47.463631938588513 ], [ -122.294871105011353, 47.463632347706479 ], [ -122.294875101555093, 47.46363275952222 ], [ -122.294879095446689, 47.463633171371896 ], [ -122.29488308558679, 47.463633591366204 ], [ -122.294887081132018, 47.463634014889109 ], [ -122.294891067445093, 47.463634440330026 ], [ -122.294895061840705, 47.463634870164704 ], [ -122.294899148114425, 47.463635312309705 ], [ -122.294903141234457, 47.463635743959699 ], [ -122.294907127774493, 47.463636177493534 ], [ -122.2949111183936, 47.463636614573062 ], [ -122.294915109063169, 47.463637053450974 ], [ -122.294919096954658, 47.463637487866571 ], [ -122.294923087699999, 47.463637929442029 ], [ -122.29492707449225, 47.463638371967903 ], [ -122.29493106526283, 47.463638814442426 ], [ -122.2949350521056, 47.463639258766548 ] ] ] ] } },
{ "type": "Feature", "properties": { "OBJECTID": 2536, "votdst": "3059", "NAME": "SET 33-3059", "SUM_VOTERS": 808, "Shape_Length": 9530.6794804056135, "Shape_Area": 5377640.1861896431 }, "geometry": { "type": "MultiPolygon", "coordinates": [ [ [ [ -122.288812404566215, 47.422715840049392 ], [ -122.288819484095143, 47.422715741071272 ], [ -122.289018670658308, 47.422712972475232 ], [ -122.289093571275984, 47.422711941528895 ], [ -122.289094278728498, 47.422711927947439 ], [ -122.289094518487687, 47.422711922170201 ], [ -122.28909767446109, 47.422711870853171 ], [ -122.290007734161051, 47.422699167518466 ], [ -122.290944212854612, 47.422686090245669 ], [ -122.292040727091205, 47.422670771851521 ], [ -122.292041748127104, 47.422670738024415 ], [ -122.29216292938105, 47.422671413475008 ], [ -122.292845719180974, 47.422675225866577 ], [ -122.293364764814186, 47.422678112119726 ], [ -122.293906157515721, 47.422681136329771 ], [ -122.294176247625316, 47.422682629638388 ], [ -122.294711537719238, 47.422685603589457 ], [ -122.294768837610832, 47.422685934643063 ], [ -122.294829287901024, 47.422686252046027 ], [ -122.29534349418482, 47.422689126854131 ], [ -122.295570872152226, 47.422690389448078 ], [ -122.295722977566101, 47.422691232611982 ], [ -122.296163410410273, 47.422693679737669 ], [ -122.29636501218117, 47.422694798315412 ], [ -122.296481681175678, 47.421791646722596 ], [ -122.296596847514749, 47.42088695177717 ], [ -122.296711917901689, 47.41998332665348 ], [ -122.296821692435074, 47.419121393278523 ], [ -122.296827223651277, 47.419078025998452 ], [ -122.296832524151355, 47.419036500475791 ], [ -122.296942535248675, 47.418174589995992 ], [ -122.297037241300075, 47.417432620757253 ], [ -122.297057448025981, 47.417274421847161 ], [ -122.29706443560579, 47.41721952088853 ], [ -122.297118140650625, 47.41679922052522 ], [ -122.297129410026628, 47.416710967434824 ], [ -122.297170182974611, 47.416391693410837 ], [ -122.297174711532946, 47.416356219540646 ], [ -122.297184067834849, 47.416282895694913 ], [ -122.297217280597579, 47.41602264657498 ], [ -122.297220265171617, 47.41599928234475 ], [ -122.297262534549219, 47.415668372442092 ], [ -122.297290140081543, 47.415507127254777 ], [ -122.297296246932277, 47.415471462972882 ], [ -122.297291305463318, 47.415471442223954 ], [ -122.297188027983566, 47.41547097128872 ], [ -122.29709388996676, 47.415470543278452 ], [ -122.296266902885378, 47.415466773529353 ], [ -122.295259998658096, 47.415462177588317 ], [ -122.295259383643298, 47.415462175623937 ], [ -122.294687303763965, 47.415459559824619 ], [ -122.292853435750629, 47.415451154917697 ], [ -122.292425028414939, 47.415449184158263 ], [ -122.291891902994735, 47.415446732968164 ], [ -122.291891898875278, 47.415444829473195 ], [ -122.291891898046529, 47.415444799797129 ], [ -122.291889397646031, 47.41544481847378 ], [ -122.290865833476147, 47.415451871328251 ], [ -122.290767757103495, 47.415452547528119 ], [ -122.29073397668715, 47.415452782102427 ], [ -122.290626651305743, 47.415453525807713 ], [ -122.290568874947922, 47.415453928461318 ], [ -122.290248604658132, 47.415456117089022 ], [ -122.290226011773598, 47.415536612809646 ], [ -122.290143723219771, 47.415829861196563 ], [ -122.290122936474049, 47.415895579393911 ], [ -122.290108614976347, 47.415944104172617 ], [ -122.29009397075329, 47.415992606108425 ], [ -122.290078997727107, 47.416041057391766 ], [ -122.290063749644588, 47.416089484319805 ], [ -122.290048130933343, 47.416137834144727 ], [ -122.290032229239955, 47.416186160615496 ], [ -122.290016046983268, 47.416234407925856 ], [ -122.28999949167563, 47.416282633938785 ], [ -122.289982612031551, 47.416330779554286 ], [ -122.289965413630057, 47.416378902274765 ], [ -122.289947970509488, 47.41642694807252 ], [ -122.289930162158313, 47.416474967973684 ], [ -122.289912068014743, 47.416522911479582 ], [ -122.289893609186379, 47.416570801193977 ], [ -122.289874904616227, 47.416618672472055 ], [ -122.289855837829464, 47.416666435950795 ], [ -122.28983648537691, 47.416714175208597 ], [ -122.289816808655942, 47.416761836765488 ], [ -122.289796805768376, 47.41680944763354 ], [ -122.289776560182119, 47.416857006740223 ], [ -122.289762705757624, 47.416888936901934 ], [ -122.289649220287231, 47.417143616927 ], [ -122.289624193101488, 47.417196475780557 ], [ -122.289598879976538, 47.417249253738916 ], [ -122.289586807576157, 47.417274086555942 ], [ -122.289573243341792, 47.417301981870835 ], [ -122.289547281093974, 47.417354632315586 ], [ -122.289521034304784, 47.417407204545391 ], [ -122.289494502375589, 47.417459724656005 ], [ -122.289467646231131, 47.417512169759632 ], [ -122.289440461669997, 47.417564531813568 ], [ -122.289412996589292, 47.417616817399249 ], [ -122.289385204017961, 47.417669053207966 ], [ -122.289357126098309, 47.417721182023648 ], [ -122.289328764383839, 47.417773259601084 ], [ -122.289321841709921, 47.417785854703993 ], [ -122.28931392089666, 47.417800157465841 ], [ -122.289306762343358, 47.417812944512441 ], [ -122.289286603723369, 47.417849152192531 ], [ -122.289258961536305, 47.41789809081304 ], [ -122.289231034229275, 47.417946930533695 ], [ -122.28920278120502, 47.417995688968062 ], [ -122.289174243635969, 47.418044369185402 ], [ -122.289145420221658, 47.41809297210191 ], [ -122.28911627318989, 47.418141521591899 ], [ -122.289086879855418, 47.418189938397383 ], [ -122.289082581577631, 47.418196929481724 ], [ -122.289057159575506, 47.418238277529419 ], [ -122.289027114974189, 47.418286538054488 ], [ -122.288996785823997, 47.418334720361301 ], [ -122.288966131026015, 47.418382824077646 ], [ -122.288935230724292, 47.418430823885139 ], [ -122.288904004648131, 47.418478740605337 ], [ -122.288872495420591, 47.41852658178707 ], [ -122.288840696864057, 47.418574316023538 ], [ -122.288808615129852, 47.418621973821807 ], [ -122.288776206916779, 47.418669523352044 ], [ -122.288743513397804, 47.418716967683778 ], [ -122.288695224534678, 47.418786136857399 ], [ -122.288672837041602, 47.418817872349329 ], [ -122.288643720733745, 47.418858802629231 ], [ -122.288609845015188, 47.418905877967362 ], [ -122.288575724513223, 47.418952875473032 ], [ -122.288541277578034, 47.418999766507355 ], [ -122.288504402053803, 47.419049404584861 ], [ -122.288471293856389, 47.419093590418328 ], [ -122.288439615265872, 47.419135427937277 ], [ -122.288400672608503, 47.419186329455506 ], [ -122.288364799693852, 47.419232715169017 ], [ -122.288328678590432, 47.419278996104005 ], [ -122.288292232424766, 47.419325172347207 ], [ -122.288255500371747, 47.419371270383543 ], [ -122.288218520626728, 47.41941723394747 ], [ -122.288181219219183, 47.419463119763066 ], [ -122.288139889134968, 47.41951964281543 ], [ -122.28806763324738, 47.419600086230169 ], [ -122.288029226847385, 47.419645521079779 ], [ -122.287990532953273, 47.419690820166913 ], [ -122.287951554517605, 47.419736041927109 ], [ -122.287912330487814, 47.419781157073281 ], [ -122.287872779288293, 47.419826139663925 ], [ -122.287832987219971, 47.41987104256723 ], [ -122.287792901105462, 47.419915812489378 ], [ -122.287752528345564, 47.419960477222631 ], [ -122.287711918437708, 47.420005005545391 ], [ -122.287671017933746, 47.420049429628889 ], [ -122.287629831306702, 47.420093719728811 ], [ -122.287588399082139, 47.420137903212428 ], [ -122.287546681509909, 47.420181980589383 ], [ -122.287504717588149, 47.42022592437128 ], [ -122.287462423343413, 47.420269765321464 ], [ -122.287419891299123, 47.420313494156574 ], [ -122.287386377282459, 47.42034759318458 ], [ -122.287410476960702, 47.42043099964863 ], [ -122.287551101166457, 47.420918144706995 ], [ -122.287620091793784, 47.421157018452057 ], [ -122.28762563606719, 47.421174906880914 ], [ -122.287631441609861, 47.421194656821939 ], [ -122.287636963257739, 47.421214493167184 ], [ -122.287642121079372, 47.421234306291652 ], [ -122.287646997630475, 47.421254204887148 ], [ -122.287651552231409, 47.421274108511874 ], [ -122.287655743958808, 47.42129407076699 ], [ -122.287659654237075, 47.421314064519763 ], [ -122.287663241214105, 47.421334062419604 ], [ -122.287666547492591, 47.421354118795371 ], [ -122.287669488617183, 47.421374151967584 ], [ -122.287672107215684, 47.421394217164497 ], [ -122.287674404612801, 47.42141431436913 ], [ -122.287676379432995, 47.42143444179986 ], [ -122.287677828117893, 47.421448765485252 ], [ -122.287679609150729, 47.42146916887917 ], [ -122.287681064828448, 47.421489550358288 ], [ -122.287682156902562, 47.421509964389074 ], [ -122.28768296939775, 47.421530382006218 ], [ -122.287683458014243, 47.42155083076581 ], [ -122.287683623874045, 47.42157125577809 ], [ -122.287683465128026, 47.421591685853919 ], [ -122.287682980974523, 47.421612092216414 ], [ -122.287682178265968, 47.421632530552685 ], [ -122.287681050149047, 47.421652945175673 ], [ -122.287679597973579, 47.421673336967579 ], [ -122.287677823241751, 47.42169375988496 ], [ -122.287675683923396, 47.421714132603626 ], [ -122.287673258971083, 47.421734481998286 ], [ -122.287670548359458, 47.421754807169656 ], [ -122.287667483963034, 47.421775136879091 ], [ -122.287664090205666, 47.421795443825353 ], [ -122.287660371036949, 47.421815727058146 ], [ -122.287656289954498, 47.421835960957296 ], [ -122.287651960336831, 47.42185617105644 ], [ -122.287647274780952, 47.421876356034375 ], [ -122.287642300963284, 47.421896518621331 ], [ -122.287637002306226, 47.421916630499396 ], [ -122.287631384109574, 47.421936691600465 ], [ -122.287625433122642, 47.421956702094548 ], [ -122.287619159371545, 47.42197668884085 ], [ -122.28761260585587, 47.421996625199405 ], [ -122.287605726925307, 47.422016537844108 ], [ -122.287598519726856, 47.422036371936009 ], [ -122.287590989610393, 47.422056129205657 ], [ -122.287583177779169, 47.422075861301053 ], [ -122.28757503905419, 47.422095516625092 ], [ -122.287566576262734, 47.422115149117161 ], [ -122.287557830202843, 47.42213470067977 ], [ -122.28754871407078, 47.422154148137025 ], [ -122.287539356023572, 47.422173571708456 ], [ -122.287529673706089, 47.422192917574819 ], [ -122.287519664442769, 47.422212184870794 ], [ -122.287509372736068, 47.422231400912992 ], [ -122.287498793656795, 47.422250483901244 ], [ -122.287487890483419, 47.422269543157654 ], [ -122.287476702789476, 47.422288524198784 ], [ -122.287465186072012, 47.422307399707798 ], [ -122.287453384808501, 47.422326196102027 ], [ -122.287441303597532, 47.422344888133814 ], [ -122.287428898038598, 47.4223634997619 ], [ -122.287416198682493, 47.422382033293189 ], [ -122.287403213529302, 47.422400490424131 ], [ -122.287389952277721, 47.422418838644852 ], [ -122.287376399701046, 47.422437054760941 ], [ -122.287362557276339, 47.422455191829599 ], [ -122.28734843752774, 47.422473223601756 ], [ -122.287334033230835, 47.422491176258291 ], [ -122.287319335684046, 47.42250902292276 ], [ -122.287304353960138, 47.422526708603343 ], [ -122.287289087712367, 47.422544316067182 ], [ -122.287273535590401, 47.422561844431939 ], [ -122.287257696665861, 47.422579212745745 ], [ -122.28724161294322, 47.422596501433425 ], [ -122.287231881374794, 47.422606705304304 ], [ -122.287225283469198, 47.422613628643887 ], [ -122.287208660743957, 47.422630649861468 ], [ -122.287191764668123, 47.422647565730465 ], [ -122.2871831519317, 47.422656011832146 ], [ -122.287174576640766, 47.422664374690115 ], [ -122.287162770956684, 47.422675686465674 ], [ -122.287097043739649, 47.422739786173111 ], [ -122.287544251092555, 47.422733546484565 ], [ -122.287875613894457, 47.422728920797205 ], [ -122.288709553611611, 47.422717288966112 ], [ -122.288812404566215, 47.422715840049392 ] ] ] ] } },
{ "type": "Feature", "properties": { "OBJECTID": 2537, "votdst": "3060", "NAME": "SET 33-3060", "SUM_VOTERS": 530, "Shape_Length": 8561.7304563778489, "Shape_Area": 4231532.4915202679 }, "geometry": { "type": "MultiPolygon", "coordinates": [ [ [ [ -122.290248604658132, 47.415456117089022 ], [ -122.290568874947922, 47.415453928461318 ], [ -122.290626651305743, 47.415453525807713 ], [ -122.29073397668715, 47.415452782102427 ], [ -122.290767757103495, 47.415452547528119 ], [ -122.290865833476147, 47.415451871328251 ], [ -122.291889397646031, 47.41544481847378 ], [ -122.291891898046529, 47.415444799797129 ], [ -122.291891898875278, 47.415444829473195 ], [ -122.291891902994735, 47.415446732968164 ], [ -122.292425028414939, 47.415449184158263 ], [ -122.292853435750629, 47.415451154917697 ], [ -122.294687303763965, 47.415459559824619 ], [ -122.295259383643298, 47.415462175623937 ], [ -122.295259998658096, 47.415462177588317 ], [ -122.296266902885378, 47.415466773529353 ], [ -122.29709388996676, 47.415470543278452 ], [ -122.297188027983566, 47.41547097128872 ], [ -122.297291305463318, 47.415471442223954 ], [ -122.297291590570936, 47.415469225529762 ], [ -122.29729386418478, 47.41545161171625 ], [ -122.297307520588603, 47.415345840483269 ], [ -122.297510053470617, 47.413777407852052 ], [ -122.297759370080684, 47.411846548293212 ], [ -122.297760129782176, 47.411840651506125 ], [ -122.298226989529269, 47.40822463371132 ], [ -122.298227153972576, 47.408223362252635 ], [ -122.298227204505864, 47.408222943286248 ], [ -122.298225986442503, 47.4082229347392 ], [ -122.298224541682046, 47.40822292282472 ], [ -122.297184334892393, 47.408215356795459 ], [ -122.297179335319768, 47.408215318808899 ], [ -122.297179231918932, 47.408215317445539 ], [ -122.297178730987625, 47.408215316718056 ], [ -122.297138166017476, 47.408215016559723 ], [ -122.297138167327887, 47.408215063321897 ], [ -122.296577044391313, 47.40821078096679 ], [ -122.296020620918583, 47.408206555737856 ], [ -122.295975194006829, 47.408206209952084 ], [ -122.29518200613758, 47.408200155249013 ], [ -122.294846649172257, 47.408197597028071 ], [ -122.294812212830166, 47.408197333962534 ], [ -122.294266664118638, 47.408193155124088 ], [ -122.293687302040894, 47.408188712123284 ], [ -122.293649235369443, 47.408188422609648 ], [ -122.292696862406459, 47.40818113303321 ], [ -122.292681675502806, 47.408181017304038 ], [ -122.292679619689352, 47.408180999692206 ], [ -122.292339002416654, 47.408178398328353 ], [ -122.292338476302064, 47.408180295154132 ], [ -122.292324282589462, 47.408231680226073 ], [ -122.292239763883487, 47.408537622688407 ], [ -122.29209504452561, 47.409061481015634 ], [ -122.292039578880747, 47.409262252631414 ], [ -122.291871734032114, 47.409869803586503 ], [ -122.291870019661999, 47.40987508738958 ], [ -122.291858668392436, 47.409910032565818 ], [ -122.291852113888893, 47.409930201309727 ], [ -122.291838258162741, 47.409972842376945 ], [ -122.291835082859279, 47.409989307178556 ], [ -122.291782961933038, 47.410239032171525 ], [ -122.291722838736632, 47.410487186842687 ], [ -122.291654381639589, 47.41073490263944 ], [ -122.291577516599787, 47.410982474665992 ], [ -122.291496603756585, 47.411226730611759 ], [ -122.291433180561583, 47.411437939722397 ], [ -122.291420914676038, 47.411478787175319 ], [ -122.291348371369409, 47.411720601788566 ], [ -122.291272676883708, 47.41197265830899 ], [ -122.291200018711237, 47.412214584941985 ], [ -122.291059717562561, 47.412672928453325 ], [ -122.291021579100246, 47.412808845128218 ], [ -122.290983479830359, 47.412940237210982 ], [ -122.290972021435948, 47.412974000693673 ], [ -122.290751663556208, 47.41371357605064 ], [ -122.290674760162531, 47.41397162548094 ], [ -122.290530331430759, 47.414456124916079 ], [ -122.290511564166593, 47.414518992500888 ], [ -122.290483750411951, 47.414618113176843 ], [ -122.290275900686893, 47.415358834712336 ], [ -122.290248604658132, 47.415456117089022 ] ] ] ] } },
{ "type": "Feature", "properties": { "OBJECTID": 2538, "votdst": "3061", "NAME": "SET 33-3061", "SUM_VOTERS": 420, "Shape_Length": 10209.103201942606, "Shape_Area": 5021661.2595654558 }, "geometry": { "type": "MultiPolygon", "coordinates": [ [ [ [ -122.272746965651407, 47.430668637059654 ], [ -122.272574764687633, 47.430812031434911 ], [ -122.27240626731934, 47.430959760090424 ], [ -122.272241582609368, 47.431111727406268 ], [ -122.272080817152755, 47.431267835018957 ], [ -122.271924075007718, 47.43142798188515 ], [ -122.271771457628319, 47.431592064347001 ], [ -122.271629145856707, 47.431753788105269 ], [ -122.271491523185645, 47.431919520464028 ], [ -122.27135870247352, 47.432089125513357 ], [ -122.271230792640836, 47.432262464167522 ], [ -122.271107898580865, 47.432439394279015 ], [ -122.27106094733719, 47.432829699652288 ], [ -122.271047373196581, 47.432942526013711 ], [ -122.271047370037792, 47.432942555740347 ], [ -122.271026190298144, 47.433118617376223 ], [ -122.270985161600265, 47.433459670460294 ], [ -122.270936454351641, 47.433864560648566 ], [ -122.27090441483783, 47.434130882977769 ], [ -122.27089814649942, 47.434182986817063 ], [ -122.270897922837207, 47.434184831119765 ], [ -122.270888265238611, 47.434265135191644 ], [ -122.271014202115794, 47.434266452490533 ], [ -122.271158102297704, 47.434267956612608 ], [ -122.27174635918432, 47.434274110312515 ], [ -122.276303585214308, 47.434321677596486 ], [ -122.281668675004596, 47.43437743813034 ], [ -122.281709028715895, 47.43437785833094 ], [ -122.28171832433469, 47.434377964508514 ], [ -122.28505279680661, 47.434415788157409 ], [ -122.286835168474767, 47.43443596557529 ], [ -122.286835685327077, 47.434423099214783 ], [ -122.286837304189689, 47.4343818103629 ], [ -122.286846710864523, 47.43414678618538 ], [ -122.286856092722346, 47.433911730839888 ], [ -122.286858802747446, 47.433843870106166 ], [ -122.286860309306732, 47.433806025450558 ], [ -122.286865475921118, 47.433676679075433 ], [ -122.286874853508849, 47.433441619286434 ], [ -122.286884231212483, 47.433206566692562 ], [ -122.286887898753463, 47.433114622275411 ], [ -122.286893612807575, 47.432971514048681 ], [ -122.286900489710646, 47.432799172013979 ], [ -122.286902966261451, 47.43273645366903 ], [ -122.286911372374917, 47.43252646639862 ], [ -122.286912351763831, 47.432501404573216 ], [ -122.286921737106582, 47.432266352780566 ], [ -122.286930128068263, 47.432056445768232 ], [ -122.286931113062792, 47.4320313002085 ], [ -122.28694050093722, 47.431796250182352 ], [ -122.286941070212535, 47.431782316227981 ], [ -122.286944679738582, 47.43169177142719 ], [ -122.286944701325851, 47.431691261079109 ], [ -122.286949886001537, 47.431561197493323 ], [ -122.286959267080633, 47.431326147554039 ], [ -122.28696865065065, 47.431091094883953 ], [ -122.28697793652664, 47.43085848857001 ], [ -122.286956436098905, 47.430858261308458 ], [ -122.28695532878119, 47.430858249414676 ], [ -122.286934219680745, 47.430858030626474 ], [ -122.284813429472564, 47.430835736676244 ], [ -122.284686336870465, 47.430834399215861 ], [ -122.284683757565674, 47.430834371954994 ], [ -122.284231451609614, 47.430829613169244 ], [ -122.284155539242533, 47.430828813124918 ], [ -122.284153352515034, 47.430828791624471 ], [ -122.284110490961027, 47.430828337843089 ], [ -122.284038441677666, 47.430827581854999 ], [ -122.284036201864851, 47.430827558332581 ], [ -122.283997212619681, 47.430827146728284 ], [ -122.283626741543685, 47.430823246651677 ], [ -122.283578876646715, 47.430822743310515 ], [ -122.283540570367038, 47.430822339007555 ], [ -122.283490901969671, 47.430821817312342 ], [ -122.283469249117402, 47.430821589540109 ], [ -122.283449968678482, 47.430821386300856 ], [ -122.28343496497456, 47.4308212282235 ], [ -122.283358735670078, 47.430820423602711 ], [ -122.28184443509771, 47.430804464324979 ], [ -122.281826788464258, 47.430804278622645 ], [ -122.280120204236567, 47.430778839890593 ], [ -122.280069464903889, 47.430778083872525 ], [ -122.279985299363645, 47.430776826785134 ], [ -122.279982898824755, 47.430776791739262 ], [ -122.279917038649643, 47.43077581114197 ], [ -122.279904996023291, 47.430775630117161 ], [ -122.279901421757629, 47.430775578556563 ], [ -122.279847321582409, 47.4307747699551 ], [ -122.278946031028042, 47.430761323918034 ], [ -122.278289319244138, 47.430751521210595 ], [ -122.27828874363351, 47.430751512352579 ], [ -122.278286160061739, 47.430751474205536 ], [ -122.278273015359574, 47.430751278263628 ], [ -122.277512016196212, 47.430739913071505 ], [ -122.277499977562272, 47.430739731740672 ], [ -122.277498348924738, 47.430739708402015 ], [ -122.277438179859658, 47.430738810416791 ], [ -122.277393232390608, 47.430738137771847 ], [ -122.277392152808517, 47.430738121833201 ], [ -122.277391871629675, 47.430738117317539 ], [ -122.277389500225098, 47.430738080946199 ], [ -122.277072189185091, 47.430733342156877 ], [ -122.276721377841682, 47.430728101415852 ], [ -122.276706600464095, 47.43072787929529 ], [ -122.276705157487939, 47.430727858080012 ], [ -122.276703044708768, 47.430727825599199 ], [ -122.276702608375246, 47.430727819458312 ], [ -122.276662649079256, 47.430727222469422 ], [ -122.276652122465066, 47.430727065883644 ], [ -122.276650274936799, 47.430727037222518 ], [ -122.276600014496324, 47.430726287052018 ], [ -122.276581859148322, 47.430726016149812 ], [ -122.276573357722185, 47.430725888656667 ], [ -122.27649984501231, 47.430724789368952 ], [ -122.276492977598849, 47.430724687853143 ], [ -122.276491372792023, 47.430724663297127 ], [ -122.276484091549605, 47.4307245544531 ], [ -122.276378268216106, 47.430722973886219 ], [ -122.275990782834242, 47.430717180138537 ], [ -122.275977810631829, 47.430716988933 ], [ -122.275839850320509, 47.430714924310408 ], [ -122.27561200192315, 47.430711517248149 ], [ -122.275610142468636, 47.430711488721784 ], [ -122.275331817530912, 47.430707327816883 ], [ -122.275313912819129, 47.430707058922252 ], [ -122.275311366408658, 47.430707022034134 ], [ -122.275278371396524, 47.43070652851172 ], [ -122.275156793310416, 47.430704709937835 ], [ -122.275155200457036, 47.430704686110573 ], [ -122.274831239808094, 47.430699838489112 ], [ -122.274674267545876, 47.430697490563389 ], [ -122.274657553842289, 47.430697239711805 ], [ -122.274644913113534, 47.430697049538324 ], [ -122.274261722631877, 47.430691315843958 ], [ -122.274173818710736, 47.430690002095595 ], [ -122.274157467105553, 47.430689757364604 ], [ -122.274155978998238, 47.430689733991578 ], [ -122.274085166777056, 47.43068867709227 ], [ -122.273971637901823, 47.430686977180159 ], [ -122.273965609958125, 47.430686885537121 ], [ -122.273962380519947, 47.430686838404654 ], [ -122.2737750936613, 47.430684032336757 ], [ -122.273769453041311, 47.430683948357611 ], [ -122.273761230156708, 47.430683825211986 ], [ -122.273626324499233, 47.430681806357718 ], [ -122.273550790729928, 47.430680676854529 ], [ -122.273544436525782, 47.430680580336947 ], [ -122.273502322069049, 47.430679948434864 ], [ -122.273501135068955, 47.430679931124651 ], [ -122.273422943426709, 47.430678760625646 ], [ -122.273358530447922, 47.430677797426242 ], [ -122.273331062019764, 47.430677385187131 ], [ -122.273300092228951, 47.430676920247151 ], [ -122.273284208870066, 47.430676684737442 ], [ -122.273054786508567, 47.4306732484484 ], [ -122.272753719053085, 47.430668739349763 ], [ -122.272746965651407, 47.430668637059654 ] ] ] ] } },
{ "type": "Feature", "properties": { "OBJECTID": 2539, "votdst": "3062", "NAME": "SET 33-3062", "SUM_VOTERS": 370, "Shape_Length": 11998.263704195902, "Shape_Area": 4447397.061463722 }, "geometry": { "type": "MultiPolygon", "coordinates": [ [ [ [ -122.277720650749089, 47.427422945876437 ], [ -122.276904050777404, 47.427991445247578 ], [ -122.276853958453259, 47.428025453410804 ], [ -122.276792593896104, 47.428066843182435 ], [ -122.276758713630045, 47.428089511543028 ], [ -122.276730983507449, 47.428108071423217 ], [ -122.276669164947364, 47.428149109765883 ], [ -122.276607100026197, 47.428190015370703 ], [ -122.276544829775119, 47.428230785915758 ], [ -122.276482311596894, 47.428271367067694 ], [ -122.27646313692108, 47.428283732238036 ], [ -122.276419586788535, 47.428311814075279 ], [ -122.276356616173743, 47.42835210044899 ], [ -122.276293438133564, 47.428392223900723 ], [ -122.276230058018612, 47.428432186161324 ], [ -122.276166422025767, 47.428471959128011 ], [ -122.275788552065862, 47.428696013912294 ], [ -122.275212046907257, 47.429047957196879 ], [ -122.275193642928983, 47.429058968351967 ], [ -122.274948489907501, 47.429205187359678 ], [ -122.274681468092723, 47.429364270914753 ], [ -122.27446923486545, 47.429491097070482 ], [ -122.274279572710697, 47.429605653409702 ], [ -122.274087924879325, 47.429721496781106 ], [ -122.273626636720579, 47.430020418354502 ], [ -122.273467319282261, 47.43013508174019 ], [ -122.273297637045744, 47.430252045566682 ], [ -122.273130358214829, 47.430372421605931 ], [ -122.272965551396638, 47.430496160487351 ], [ -122.272803284184434, 47.430623211461146 ], [ -122.272746965651407, 47.430668637059654 ], [ -122.272753719053085, 47.430668739349763 ], [ -122.273054786508567, 47.4306732484484 ], [ -122.273284208870066, 47.430676684737442 ], [ -122.273300092228951, 47.430676920247151 ], [ -122.273331062019764, 47.430677385187131 ], [ -122.273358530447922, 47.430677797426242 ], [ -122.273422943426709, 47.430678760625646 ], [ -122.273501135068955, 47.430679931124651 ], [ -122.273502322069049, 47.430679948434864 ], [ -122.273544436525782, 47.430680580336947 ], [ -122.273550790729928, 47.430680676854529 ], [ -122.273626324499233, 47.430681806357718 ], [ -122.273761230156708, 47.430683825211986 ], [ -122.273769453041311, 47.430683948357611 ], [ -122.2737750936613, 47.430684032336757 ], [ -122.273962380519947, 47.430686838404654 ], [ -122.273965609958125, 47.430686885537121 ], [ -122.273971637901823, 47.430686977180159 ], [ -122.274085166777056, 47.43068867709227 ], [ -122.274155978998238, 47.430689733991578 ], [ -122.274157467105553, 47.430689757364604 ], [ -122.274173818710736, 47.430690002095595 ], [ -122.274261722631877, 47.430691315843958 ], [ -122.274644913113534, 47.430697049538324 ], [ -122.274657553842289, 47.430697239711805 ], [ -122.274674267545876, 47.430697490563389 ], [ -122.274831239808094, 47.430699838489112 ], [ -122.275155200457036, 47.430704686110573 ], [ -122.275156793310416, 47.430704709937835 ], [ -122.275278371396524, 47.43070652851172 ], [ -122.275311366408658, 47.430707022034134 ], [ -122.275313912819129, 47.430707058922252 ], [ -122.275331817530912, 47.430707327816883 ], [ -122.275610142468636, 47.430711488721784 ], [ -122.27561200192315, 47.430711517248149 ], [ -122.275839850320509, 47.430714924310408 ], [ -122.275977810631829, 47.430716988933 ], [ -122.275990782834242, 47.430717180138537 ], [ -122.276378268216106, 47.430722973886219 ], [ -122.276484091549605, 47.4307245544531 ], [ -122.276491372792023, 47.430724663297127 ], [ -122.276492977598849, 47.430724687853143 ], [ -122.27649984501231, 47.430724789368952 ], [ -122.276573357722185, 47.430725888656667 ], [ -122.276581859148322, 47.430726016149812 ], [ -122.276600014496324, 47.430726287052018 ], [ -122.276650274936799, 47.430727037222518 ], [ -122.276652122465066, 47.430727065883644 ], [ -122.276662649079256, 47.430727222469422 ], [ -122.276702608375246, 47.430727819458312 ], [ -122.276703044708768, 47.430727825599199 ], [ -122.276705157487939, 47.430727858080012 ], [ -122.276706600464095, 47.43072787929529 ], [ -122.276721377841682, 47.430728101415852 ], [ -122.277072189185091, 47.430733342156877 ], [ -122.277389500225098, 47.430738080946199 ], [ -122.277391871629675, 47.430738117317539 ], [ -122.277392152808517, 47.430738121833201 ], [ -122.277393232390608, 47.430738137771847 ], [ -122.277438179859658, 47.430738810416791 ], [ -122.277498348924738, 47.430739708402015 ], [ -122.277499977562272, 47.430739731740672 ], [ -122.277512016196212, 47.430739913071505 ], [ -122.278273015359574, 47.430751278263628 ], [ -122.278286160061739, 47.430751474205536 ], [ -122.27828874363351, 47.430751512352579 ], [ -122.278289319244138, 47.430751521210595 ], [ -122.278946031028042, 47.430761323918034 ], [ -122.279847321582409, 47.4307747699551 ], [ -122.279901421757629, 47.430775578556563 ], [ -122.279904996023291, 47.430775630117161 ], [ -122.279917038649643, 47.43077581114197 ], [ -122.279982898824755, 47.430776791739262 ], [ -122.279985299363645, 47.430776826785134 ], [ -122.280069464903889, 47.430778083872525 ], [ -122.280120204236567, 47.430778839890593 ], [ -122.281826788464258, 47.430804278622645 ], [ -122.28169061366097, 47.426540172161587 ], [ -122.281688993834337, 47.426489466465554 ], [ -122.281687311207563, 47.42643683104 ], [ -122.281692929002716, 47.426437684964888 ], [ -122.281720156239729, 47.426443272529049 ], [ -122.281746768645391, 47.426451292701913 ], [ -122.281747548014067, 47.426451576014401 ], [ -122.281747600218665, 47.426451594239033 ], [ -122.281748865730052, 47.42645205575856 ], [ -122.281749305018593, 47.426452217471841 ], [ -122.28175165387546, 47.426453072669432 ], [ -122.28175184136694, 47.426453141342414 ], [ -122.281752593107015, 47.426453432204575 ], [ -122.281752891858076, 47.426453545335711 ], [ -122.281753169281984, 47.426453654241307 ], [ -122.281753246963774, 47.426453682935652 ], [ -122.28175369185233, 47.426453855372515 ], [ -122.281754447567877, 47.426454146183836 ], [ -122.281755766231868, 47.426454660100454 ], [ -122.281756864927345, 47.426455081469832 ], [ -122.281756965460929, 47.426455121567017 ], [ -122.281757051268301, 47.426455156454722 ], [ -122.281783614383698, 47.426467485013362 ], [ -122.281808475760087, 47.426482960943758 ], [ -122.281814977326036, 47.426487479319938 ], [ -122.281816339946388, 47.426488383098771 ], [ -122.28181712187606, 47.426488902072045 ], [ -122.281819192146031, 47.426490275395686 ], [ -122.28181926230107, 47.426490319479264 ], [ -122.281848110553824, 47.426506762590307 ], [ -122.28187612353284, 47.426517888977813 ], [ -122.281905504194683, 47.426524619520322 ], [ -122.2819201472076, 47.426527895338936 ], [ -122.281934187112967, 47.426533189663481 ], [ -122.281936903221364, 47.426534598123261 ], [ -122.281939411750628, 47.42653634977524 ], [ -122.281941669591404, 47.426538414517069 ], [ -122.281943637942419, 47.426540756865897 ], [ -122.281944873049994, 47.426542823052799 ], [ -122.281945733223552, 47.426545071323346 ], [ -122.281946192674042, 47.426547434271562 ], [ -122.281946237626528, 47.426549841053294 ], [ -122.281946444308971, 47.426551551373187 ], [ -122.281946925626301, 47.42655320553321 ], [ -122.281947668835201, 47.426554759737925 ], [ -122.281948654258514, 47.426556172838303 ], [ -122.281949855806218, 47.426557407421171 ], [ -122.281951241666221, 47.426558430799801 ], [ -122.281952775146578, 47.426559215879273 ], [ -122.281954415646936, 47.426559741873874 ], [ -122.281957807008965, 47.426560951683037 ], [ -122.2819658180792, 47.426563687558534 ], [ -122.281965871609188, 47.426563705766128 ], [ -122.281966503018523, 47.426563911803072 ], [ -122.281966931008952, 47.426564048471192 ], [ -122.281967318870599, 47.426564172158074 ], [ -122.281967526264978, 47.426564241476072 ], [ -122.281967883423576, 47.426564357458815 ], [ -122.281967962281186, 47.426564380740416 ], [ -122.282016513113405, 47.42657646723557 ], [ -122.282062162725012, 47.426587102794699 ], [ -122.282106430161051, 47.426602510463688 ], [ -122.282137134080529, 47.426616790554924 ], [ -122.282140136448859, 47.42661852329563 ], [ -122.282142864316569, 47.426620662300941 ], [ -122.282145263110536, 47.426623164778391 ], [ -122.282147284841059, 47.426625980663978 ], [ -122.28214820991019, 47.426627846826754 ], [ -122.28214889182928, 47.426629814897581 ], [ -122.282150294918992, 47.426634948053575 ], [ -122.282209380660063, 47.426645321444845 ], [ -122.282269001923282, 47.426651957483948 ], [ -122.282349851310912, 47.426655094843014 ], [ -122.28235012959334, 47.426655091286783 ], [ -122.282350186574988, 47.426655090558597 ], [ -122.282350977916707, 47.426655088542191 ], [ -122.282377071511263, 47.426654658825576 ], [ -122.282403963611102, 47.426652534520244 ], [ -122.282430507212567, 47.426647724642088 ], [ -122.282461199696101, 47.426638339077037 ], [ -122.282490230530016, 47.426624652292951 ], [ -122.282519781204542, 47.426609992246661 ], [ -122.282550765233779, 47.426598671943943 ], [ -122.282553388148884, 47.42659788995676 ], [ -122.282590985607399, 47.426588867754631 ], [ -122.282597781193758, 47.426587689687835 ], [ -122.28269379444977, 47.426569531168262 ], [ -122.282752021567561, 47.426559376206157 ], [ -122.282799713118777, 47.426554441602498 ], [ -122.282847616496753, 47.426552416571489 ], [ -122.282863527824901, 47.426553151194042 ], [ -122.28287912629817, 47.426556375735117 ], [ -122.282894024732371, 47.426562010155386 ], [ -122.282907853319628, 47.426569914597678 ], [ -122.282910785072275, 47.426571841294802 ], [ -122.282913894655749, 47.426573465433322 ], [ -122.282921325151193, 47.426576076812744 ], [ -122.282929079675284, 47.426577454826194 ], [ -122.282936954939586, 47.426577563348403 ], [ -122.283041090250592, 47.426568814821088 ], [ -122.283075340507509, 47.426565143766602 ], [ -122.28323663892975, 47.426549031456069 ], [ -122.28335241028725, 47.426538654014493 ], [ -122.283397983835258, 47.426535789830126 ], [ -122.283445397394033, 47.426534980161982 ], [ -122.283478787385107, 47.426535704616896 ], [ -122.283556636061846, 47.426541679033257 ], [ -122.28360521497649, 47.426548510853749 ], [ -122.283640751307885, 47.426552566305965 ], [ -122.283676514530043, 47.426553085422832 ], [ -122.283712153597918, 47.426550063108806 ], [ -122.283731435629321, 47.426546896376806 ], [ -122.283781104298697, 47.426539409806828 ], [ -122.28383121080725, 47.426535893665715 ], [ -122.283881438273568, 47.426536370190099 ], [ -122.283922386292502, 47.426539694814522 ], [ -122.283983189515808, 47.426545666475683 ], [ -122.284044149330967, 47.426549740004475 ], [ -122.284070012499257, 47.426550895234868 ], [ -122.284111425793625, 47.426550018169401 ], [ -122.28415239562861, 47.426543910566252 ], [ -122.284192264053786, 47.426532670509786 ], [ -122.284212110795735, 47.426526403658826 ], [ -122.284236854196394, 47.426520850838607 ], [ -122.284261990404076, 47.426517498115587 ], [ -122.284318965139036, 47.426510876569267 ], [ -122.284375513848246, 47.426501274028681 ], [ -122.284455457802721, 47.4264821886024 ], [ -122.284533559955975, 47.426456588934222 ], [ -122.284585560745114, 47.426435146318155 ], [ -122.284636053960085, 47.426410361179499 ], [ -122.284659743402372, 47.426400075847368 ], [ -122.284684679571896, 47.426393355342704 ], [ -122.2847125807982, 47.426389787831582 ], [ -122.284740708506916, 47.426389981656115 ], [ -122.284775834891221, 47.426390453471178 ], [ -122.284810763836177, 47.426386704566383 ], [ -122.284864711163522, 47.426376927151914 ], [ -122.284939829006788, 47.426361251711185 ], [ -122.284977696945404, 47.426351054502376 ], [ -122.285014416554759, 47.426337283731471 ], [ -122.285049651453207, 47.426320065549987 ], [ -122.285050900566489, 47.426319364065108 ], [ -122.285129249872497, 47.426275166808807 ], [ -122.28513222187128, 47.426273496888236 ], [ -122.285142338372196, 47.426267801555667 ], [ -122.285208857030895, 47.426230396540426 ], [ -122.285219982898113, 47.426224150317687 ], [ -122.285239104715998, 47.426213417075303 ], [ -122.285368160360946, 47.426144405397402 ], [ -122.285443091763014, 47.426107264939667 ], [ -122.285528212755111, 47.426067302337103 ], [ -122.285592000119252, 47.426038714829801 ], [ -122.285639575146121, 47.4260192934602 ], [ -122.28568807680179, 47.426002318119998 ], [ -122.285750064296153, 47.425984350288182 ], [ -122.285812988884075, 47.425970004951878 ], [ -122.285848646610987, 47.425963483093433 ], [ -122.285852936491736, 47.425962775931445 ], [ -122.285931474151283, 47.425948418767589 ], [ -122.286009390275808, 47.425931001257446 ], [ -122.286033468730523, 47.425924954243449 ], [ -122.286034262407995, 47.425924750661707 ], [ -122.286169828221517, 47.42588734742229 ], [ -122.286330084176626, 47.425836733712146 ], [ -122.286448160773304, 47.425794706324687 ], [ -122.286465192606244, 47.425788292529155 ], [ -122.286490141848248, 47.425779053283847 ], [ -122.286569711104704, 47.425752423348165 ], [ -122.28665042966918, 47.425729511923137 ], [ -122.286693495132852, 47.425718865554607 ], [ -122.286731300768054, 47.425709987727821 ], [ -122.286739495346964, 47.425709262866341 ], [ -122.286802410579782, 47.425706435894575 ], [ -122.28681142048417, 47.425706428349983 ], [ -122.286876656597286, 47.425709307413499 ], [ -122.28687671392828, 47.42570931927294 ], [ -122.286876782834995, 47.425709318389579 ], [ -122.286923607687129, 47.425714626662725 ], [ -122.286935734912859, 47.425716976919361 ], [ -122.286947349286621, 47.425721184012424 ], [ -122.286958168362901, 47.425727145631221 ], [ -122.286967929036678, 47.425734716797407 ], [ -122.286973951648875, 47.42574039790366 ], [ -122.286984259186966, 47.425749052117496 ], [ -122.286984471613266, 47.425749206823532 ], [ -122.286985723044594, 47.425750161444427 ], [ -122.286986287840193, 47.425750593206672 ], [ -122.286987609780539, 47.425751604497748 ], [ -122.286988182677163, 47.425752041553693 ], [ -122.286988303117056, 47.425752129969268 ], [ -122.28698884715962, 47.425752530511666 ], [ -122.286989300340593, 47.425752857552446 ], [ -122.286989476287459, 47.425752987537422 ], [ -122.286989878012051, 47.425753275655659 ], [ -122.286990373148299, 47.425753633644405 ], [ -122.286990435406054, 47.425753679625274 ], [ -122.286990570747875, 47.42575377954455 ], [ -122.286990921116143, 47.425754032337274 ], [ -122.28699137972292, 47.425754363806483 ], [ -122.286992393073419, 47.425755099279236 ], [ -122.286992447155086, 47.425755137268546 ], [ -122.286993427100299, 47.425755815595387 ], [ -122.286993535238565, 47.425755890674715 ], [ -122.28699368530701, 47.425755995802788 ], [ -122.28699418941882, 47.425756342881272 ], [ -122.286994432598505, 47.425756507088572 ], [ -122.286994502807062, 47.425756552967513 ], [ -122.286994589292632, 47.425756612131686 ], [ -122.286994885303926, 47.425756817043094 ], [ -122.286995056950047, 47.42575693538847 ], [ -122.286995417769248, 47.425757182649654 ], [ -122.286995681376609, 47.425757366386172 ], [ -122.286995721881539, 47.425757392854756 ], [ -122.286995780088787, 47.425757436188761 ], [ -122.286996008541905, 47.425757595187278 ], [ -122.286996414016656, 47.425757875161011 ], [ -122.28702753775984, 47.42577524064977 ], [ -122.287060551165141, 47.425788670566376 ], [ -122.287094958879763, 47.42579796340037 ], [ -122.287130244629893, 47.425802979716529 ], [ -122.287137272601782, 47.425803584994448 ], [ -122.287161095433817, 47.425804551572512 ], [ -122.287170137936187, 47.42580461914774 ], [ -122.287218152835052, 47.425805149577521 ], [ -122.287277955033133, 47.425806299794075 ], [ -122.287298972196183, 47.425806812939541 ], [ -122.287315809716517, 47.42580727802342 ], [ -122.287335653489663, 47.425806608777748 ], [ -122.287355250282047, 47.425803416764168 ], [ -122.287373069312849, 47.425800045967257 ], [ -122.287387905798084, 47.425799105442948 ], [ -122.287398499643331, 47.425799921423355 ], [ -122.287408903989771, 47.425802076639449 ], [ -122.287418950235661, 47.425805536166095 ], [ -122.287444180133505, 47.425813855035805 ], [ -122.287460866310838, 47.425817025327135 ], [ -122.287480485179316, 47.425818700869726 ], [ -122.287500170987414, 47.425818280866864 ], [ -122.287541942763752, 47.425815162398571 ], [ -122.287543439271445, 47.425815349213131 ], [ -122.28754663683344, 47.425816053420441 ], [ -122.287549685633849, 47.425817247207171 ], [ -122.287552511212965, 47.425818901417955 ], [ -122.287568747248059, 47.425828247811758 ], [ -122.287586185381727, 47.425835094373419 ], [ -122.287604443316781, 47.425839291005374 ], [ -122.287623120783493, 47.425840745704633 ], [ -122.287637686926459, 47.425840374810832 ], [ -122.287652145213471, 47.425838567044245 ], [ -122.287669920378704, 47.425834483848803 ], [ -122.287687077993027, 47.425828299573951 ], [ -122.287703370674876, 47.425820103385675 ], [ -122.287704098101187, 47.425819663148332 ], [ -122.287711900191638, 47.42581413806564 ], [ -122.287718715613977, 47.425807433651237 ], [ -122.287726077071824, 47.425798737282896 ], [ -122.287731698725281, 47.425796587106007 ], [ -122.28778338348738, 47.425790618315368 ], [ -122.287821203400725, 47.425788349277681 ], [ -122.287824661899947, 47.425788377003208 ], [ -122.287828081793052, 47.425788893062027 ], [ -122.287831394476299, 47.425789887101907 ], [ -122.287834533496579, 47.425791339182211 ], [ -122.287837435884526, 47.425793220173915 ], [ -122.287842093755344, 47.425796178168859 ], [ -122.287847143460795, 47.425798402122467 ], [ -122.287852470167152, 47.425799841460524 ], [ -122.287857952741533, 47.425800463451523 ], [ -122.287863466506508, 47.42580025395096 ], [ -122.287880269600294, 47.425798769066887 ], [ -122.287883141156769, 47.425797263299678 ], [ -122.287885726372593, 47.425795306304359 ], [ -122.287887955018519, 47.425792951244091 ], [ -122.287889766551785, 47.425790262095767 ], [ -122.287892603140506, 47.425784639211074 ], [ -122.2879102542, 47.425776820175386 ], [ -122.287928941774581, 47.425771975407429 ], [ -122.287944427431881, 47.425769166115877 ], [ -122.288029883929724, 47.425753658236751 ], [ -122.28804530886579, 47.425752697047812 ], [ -122.28806047225055, 47.425749709691168 ], [ -122.288096206784374, 47.425742390891521 ], [ -122.288105766856475, 47.425740290920011 ], [ -122.288112920558362, 47.425737605598378 ], [ -122.288121369945813, 47.425733751268567 ], [ -122.288119530079399, 47.425716719418709 ], [ -122.288170492537461, 47.425701862704813 ], [ -122.288171545129586, 47.425701708093925 ], [ -122.288172556339916, 47.425701377475747 ], [ -122.28817349696196, 47.425700880399432 ], [ -122.288174339828032, 47.425700231221882 ], [ -122.288175060593872, 47.425699448693088 ], [ -122.288175638441828, 47.425698555414606 ], [ -122.288176056682076, 47.425697577186725 ], [ -122.288176303234735, 47.425696542263296 ], [ -122.288176370978675, 47.425695480535715 ], [ -122.288176257957289, 47.42569442266953 ], [ -122.288175967434924, 47.425693399218765 ], [ -122.288175700074888, 47.425692614949369 ], [ -122.288175560413094, 47.425691798215354 ], [ -122.288175551981112, 47.425690969669169 ], [ -122.288175674992161, 47.425690150261971 ], [ -122.288175926335697, 47.425689360713811 ], [ -122.288176299656087, 47.425688620989703 ], [ -122.288176785513329, 47.425687949794785 ], [ -122.288177371621714, 47.425687364101321 ], [ -122.288178043160542, 47.425686878719532 ], [ -122.288178783148837, 47.425686505923082 ], [ -122.288179572874796, 47.425686255138743 ], [ -122.288186629811932, 47.425683237303431 ], [ -122.288264943141996, 47.425649770487368 ], [ -122.288283932917039, 47.425641654443062 ], [ -122.288285404234472, 47.42562614090712 ], [ -122.288315047029187, 47.425609388510551 ], [ -122.288345771276411, 47.425594713405744 ], [ -122.288384546030372, 47.42557944270829 ], [ -122.288424323328556, 47.425567015226882 ], [ -122.288461411034774, 47.425558028184199 ], [ -122.288504640219074, 47.425548803082187 ], [ -122.288574892508151, 47.425533327985363 ], [ -122.288584942599314, 47.425530928415029 ], [ -122.288617358386347, 47.425521163757736 ], [ -122.288680665474047, 47.425502087347979 ], [ -122.288745406610843, 47.425488660435867 ], [ -122.288760044548923, 47.425486402570392 ], [ -122.288789419323948, 47.42548215364414 ], [ -122.288837823648308, 47.425469977271185 ], [ -122.288887470994851, 47.425464840768832 ], [ -122.288854683084296, 47.424277961012976 ], [ -122.288853240305485, 47.424225769626837 ], [ -122.28884651963034, 47.424221724952275 ], [ -122.288761417673015, 47.424170523819029 ], [ -122.288780860971713, 47.424155971531228 ], [ -122.288797698458467, 47.424138469817471 ], [ -122.288811487954192, 47.424118478300478 ], [ -122.288821867324913, 47.424096521989128 ], [ -122.288828563991913, 47.424073177490946 ], [ -122.288831402090111, 47.424049057869411 ], [ -122.288814333057957, 47.422910399898008 ], [ -122.288814330767167, 47.422910175028179 ], [ -122.288814313147867, 47.422908116077096 ], [ -122.288812404566215, 47.422715840049392 ], [ -122.288709553611611, 47.422717288966112 ], [ -122.287875613894457, 47.422728920797205 ], [ -122.287544251092555, 47.422733546484565 ], [ -122.287097043739649, 47.422739786173111 ], [ -122.285670957496933, 47.422759650390631 ], [ -122.285065564229086, 47.422768083654795 ], [ -122.285063548895636, 47.422768112158224 ], [ -122.284800021940939, 47.422771771260301 ], [ -122.284787462344028, 47.422771953635603 ], [ -122.284735525760269, 47.422772676074693 ], [ -122.284660727373677, 47.422773716325452 ], [ -122.284530846613677, 47.422775515539598 ], [ -122.284342200614674, 47.422778149447282 ], [ -122.28376371576006, 47.423187965668717 ], [ -122.283735738057132, 47.423207786326628 ], [ -122.283411553929938, 47.423436391055077 ], [ -122.282704907949636, 47.423932647390039 ], [ -122.282444137552929, 47.424115771891444 ], [ -122.281631354105585, 47.424683843965461 ], [ -122.281434981803102, 47.424822165840425 ], [ -122.280063071867659, 47.425783132048707 ], [ -122.279724944670292, 47.426020050482364 ], [ -122.277720650749089, 47.427422945876437 ] ] ] ] } },
{ "type": "Feature", "properties": { "OBJECTID": 2540, "votdst": "3063", "NAME": "SET 33-3063", "SUM_VOTERS": 360, "Shape_Length": 8920.5135375389909, "Shape_Area": 5006567.1796595147 }, "geometry": { "type": "MultiPolygon", "coordinates": [ [ [ [ -122.274820396759822, 47.439721784921815 ], [ -122.275446520670371, 47.439725743199325 ], [ -122.275969098680434, 47.439729041440344 ], [ -122.276779932542055, 47.439734156555012 ], [ -122.277490781354885, 47.439738633707599 ], [ -122.277490911402012, 47.43973863744926 ], [ -122.277591929537863, 47.439739269955581 ], [ -122.278824189858128, 47.439747021284312 ], [ -122.280807645240415, 47.439759471001324 ], [ -122.281493786565619, 47.439763768812931 ], [ -122.281493996311269, 47.439759953647943 ], [ -122.281495176626976, 47.439737830111802 ], [ -122.281496640823462, 47.439710692202581 ], [ -122.281498185656119, 47.439682015854537 ], [ -122.281529360110909, 47.439102981616152 ], [ -122.281570806013718, 47.438333052435681 ], [ -122.281591133301916, 47.437955541095896 ], [ -122.281603141762929, 47.437591275479832 ], [ -122.281603216268351, 47.437588990454849 ], [ -122.28160831126155, 47.437433876470877 ], [ -122.281608490243215, 47.43742876178284 ], [ -122.281608901717249, 47.437416064132286 ], [ -122.281615354734825, 47.437220575143293 ], [ -122.281615960000678, 47.437202245348018 ], [ -122.281619636776682, 47.437090788863323 ], [ -122.28161980028716, 47.437085881279828 ], [ -122.281620071985671, 47.437077608726362 ], [ -122.281634705954943, 47.436633597307001 ], [ -122.281634739286019, 47.436632552450732 ], [ -122.28164490317279, 47.436324361502258 ], [ -122.281648446795415, 47.43621609128725 ], [ -122.281648976223252, 47.436200238147904 ], [ -122.28165027262942, 47.436161036103044 ], [ -122.281650782184101, 47.436145422509973 ], [ -122.281652586815696, 47.436090606889003 ], [ -122.281708297329018, 47.434400003122754 ], [ -122.281708764517703, 47.434385826725155 ], [ -122.281708853066093, 47.434383187979776 ], [ -122.28170895843607, 47.434379913005429 ], [ -122.281709028715895, 47.43437785833094 ], [ -122.281668675004596, 47.43437743813034 ], [ -122.276303585214308, 47.434321677596486 ], [ -122.27174635918432, 47.434274110312515 ], [ -122.271158102297704, 47.434267956612608 ], [ -122.271136926419544, 47.434352667897741 ], [ -122.27111977546852, 47.434438284861734 ], [ -122.271115251714576, 47.434465243654294 ], [ -122.271102257796983, 47.434563418197122 ], [ -122.271094734137392, 47.434662162702288 ], [ -122.271092703941449, 47.43476117260613 ], [ -122.271096173471022, 47.434860142526404 ], [ -122.271141073657503, 47.436079518139501 ], [ -122.27115328307967, 47.436411066820462 ], [ -122.271163728806286, 47.436599218826792 ], [ -122.271180641022312, 47.436786900119529 ], [ -122.271203999707112, 47.436973888521671 ], [ -122.271233777208678, 47.437159962676489 ], [ -122.271269938276419, 47.43734490230954 ], [ -122.271312440102889, 47.437528488489406 ], [ -122.271361232374474, 47.437710503886905 ], [ -122.271416257330898, 47.437890733032333 ], [ -122.271470682284942, 47.438052092083041 ], [ -122.272055044503347, 47.439704222160167 ], [ -122.272055063246484, 47.439704276797606 ], [ -122.273608216123435, 47.439714119249686 ], [ -122.273608385860385, 47.439714119792974 ], [ -122.274820396759822, 47.439721784921815 ] ] ] ] } },
{ "type": "Feature", "properties": { "OBJECTID": 2541, "votdst": "3065", "NAME": "SET 33-3065", "SUM_VOTERS": 843, "Shape_Length": 7932.8217435019205, "Shape_Area": 3378461.5565974065 }, "geometry": { "type": "MultiPolygon", "coordinates": [ [ [ [ -122.289083740998237, 47.445229779867681 ], [ -122.289595685841149, 47.44523241754419 ], [ -122.29179168536389, 47.445243711246519 ], [ -122.291910538180048, 47.445244322222621 ], [ -122.291912963976031, 47.445244335109571 ], [ -122.291920882870812, 47.445089601345941 ], [ -122.291930136121223, 47.444908825946918 ], [ -122.291939731574345, 47.444721363931308 ], [ -122.292029865844569, 47.442960475619927 ], [ -122.292050461369541, 47.442558047186481 ], [ -122.292060409470992, 47.442363685206729 ], [ -122.292072903304017, 47.442119586787491 ], [ -122.292095864694232, 47.441670925457551 ], [ -122.292096270953735, 47.441662971383209 ], [ -122.292096286602344, 47.441662724692065 ], [ -122.292095094245397, 47.441662714838891 ], [ -122.290758554481584, 47.441651874429539 ], [ -122.286746300292791, 47.441617705633163 ], [ -122.28674611059138, 47.441617702666456 ], [ -122.285411748376262, 47.441608347476858 ], [ -122.284622130772178, 47.44160189771241 ], [ -122.284069925405063, 47.44159712260052 ], [ -122.283837732643988, 47.441595113021513 ], [ -122.283846819245667, 47.441920989832788 ], [ -122.283849113071369, 47.442003256469654 ], [ -122.283528809670202, 47.442000512658652 ], [ -122.283338966262221, 47.441971991009858 ], [ -122.283335565464029, 47.441971481234752 ], [ -122.282687225977355, 47.441874056349789 ], [ -122.281384295605505, 47.44179751194136 ], [ -122.281312026121441, 47.44313996759621 ], [ -122.281303032526623, 47.443306844980746 ], [ -122.281302636709114, 47.443362707469817 ], [ -122.281306605565177, 47.443418430198918 ], [ -122.281314914842596, 47.443473672666876 ], [ -122.281407491072031, 47.443961234021714 ], [ -122.281423017568187, 47.444043009670871 ], [ -122.28151336874366, 47.44451883896248 ], [ -122.281511517740327, 47.444683323116266 ], [ -122.281505807751216, 47.445190096102529 ], [ -122.281505805450735, 47.445190443375914 ], [ -122.281627037293532, 47.44519107433139 ], [ -122.282520791658499, 47.445195740219837 ], [ -122.282759972976251, 47.445196987800053 ], [ -122.282782797041335, 47.445197106359977 ], [ -122.282945731489662, 47.445197957761728 ], [ -122.282977173761324, 47.445198120872277 ], [ -122.283098409566577, 47.44519874840595 ], [ -122.283098599205857, 47.445198748680909 ], [ -122.283107860689569, 47.445198797631406 ], [ -122.283109493382881, 47.445198807349549 ], [ -122.283172387257792, 47.445199135151114 ], [ -122.283172683071953, 47.445199138566821 ], [ -122.283172745376319, 47.445199137770466 ], [ -122.283277772782426, 47.44519968621514 ], [ -122.285464628825579, 47.445211056413811 ], [ -122.285869230197889, 47.445213154548007 ], [ -122.28589445085629, 47.445213284072899 ], [ -122.286547187580979, 47.445216668401649 ], [ -122.286557212981066, 47.445216719877884 ], [ -122.286773006716984, 47.445217837623069 ], [ -122.286933884099938, 47.445218668275523 ], [ -122.286953958838012, 47.445218773550792 ], [ -122.288538625635042, 47.445226965409041 ], [ -122.288565620893863, 47.445227103958864 ], [ -122.289083740998237, 47.445229779867681 ] ] ] ] } },
{ "type": "Feature", "properties": { "OBJECTID": 2542, "votdst": "3066", "NAME": "SET 33-3066", "SUM_VOTERS": 893, "Shape_Length": 14978.751813255123, "Shape_Area": 7379824.7900039051 }, "geometry": { "type": "MultiPolygon", "coordinates": [ [ [ [ -122.291830619088088, 47.459658505909026 ], [ -122.291841848638811, 47.459658542374548 ], [ -122.291842007934605, 47.459633297592539 ], [ -122.291842138528352, 47.4596131008268 ], [ -122.291842226274468, 47.459599439295481 ], [ -122.291842231833556, 47.45959849914356 ], [ -122.291842393072628, 47.459572801838569 ], [ -122.291842499343574, 47.459556291040634 ], [ -122.291843077694821, 47.459465024734811 ], [ -122.291843554708393, 47.459389923717801 ], [ -122.293560320981683, 47.456057243338613 ], [ -122.293958342321474, 47.455278505177418 ], [ -122.295045598855012, 47.453151128665986 ], [ -122.295288261281286, 47.452671947405079 ], [ -122.295378986643215, 47.452459762821427 ], [ -122.295616450731174, 47.451854198322224 ], [ -122.295622674601418, 47.451838187094104 ], [ -122.295644641128121, 47.451781034878721 ], [ -122.295666240722682, 47.451723805525006 ], [ -122.295687557096613, 47.451666551929975 ], [ -122.295708548965493, 47.45160922065012 ], [ -122.295729214485092, 47.451551840496478 ], [ -122.295749596711275, 47.451494433404221 ], [ -122.295769654460557, 47.451436949526951 ], [ -122.295789385813109, 47.451379414977865 ], [ -122.295808793471849, 47.45132183152154 ], [ -122.295827876741967, 47.451264221657105 ], [ -122.29584667403708, 47.45120653631114 ], [ -122.29586514827129, 47.45114882454029 ], [ -122.295883296164249, 47.45109106389701 ], [ -122.295901161416836, 47.451033252018902 ], [ -122.295918700279685, 47.450975389470102 ], [ -122.295935872980863, 47.450917476763586 ], [ -122.295952761149181, 47.450859539835065 ], [ -122.295969372009239, 47.450801552503101 ], [ -122.295976061628281, 47.450777749216577 ], [ -122.296006616997687, 47.450653333797014 ], [ -122.295072017345376, 47.45065490645927 ], [ -122.293882886118112, 47.450656897992992 ], [ -122.293878918337185, 47.450656909496068 ], [ -122.29257451237622, 47.450660711471677 ], [ -122.291893846407021, 47.450663180609467 ], [ -122.291893852583101, 47.450661218506113 ], [ -122.291884862128626, 47.450661364687221 ], [ -122.291646901700958, 47.450665196759168 ], [ -122.291514112747493, 47.450667428179059 ], [ -122.291381519127853, 47.45067496591254 ], [ -122.291249332800135, 47.450687797910128 ], [ -122.291117765071391, 47.450705903659184 ], [ -122.290987026259771, 47.450729254216675 ], [ -122.290857325358402, 47.450757812255468 ], [ -122.290856930165702, 47.450757908192458 ], [ -122.290728353760301, 47.450792201898281 ], [ -122.290601466302888, 47.450832295830971 ], [ -122.290476529302012, 47.450878107358989 ], [ -122.29035982537691, 47.45092732913335 ], [ -122.290245096585039, 47.450976269572848 ], [ -122.290128367407533, 47.451020225930954 ], [ -122.290009854247756, 47.451059116717282 ], [ -122.289889776816423, 47.451092869832486 ], [ -122.289768357724228, 47.451121422701895 ], [ -122.289622609390435, 47.451149312839753 ], [ -122.289475760437114, 47.451170662816303 ], [ -122.289328104190034, 47.451185429985692 ], [ -122.289179935587541, 47.451193584850984 ], [ -122.289058732577203, 47.451195497382827 ], [ -122.287645872229788, 47.45119101659855 ], [ -122.28635254033955, 47.451186901642217 ], [ -122.286231293243972, 47.451186515945317 ], [ -122.282943137668255, 47.451175979159565 ], [ -122.28282188884377, 47.451175669006304 ], [ -122.281194966230998, 47.451171474227529 ], [ -122.28118543785682, 47.451171451903186 ], [ -122.278786011831798, 47.451165221839084 ], [ -122.279634657035601, 47.452404508656691 ], [ -122.279934343164868, 47.45284212637705 ], [ -122.280006628619432, 47.45294983676061 ], [ -122.280074460871504, 47.453060405740196 ], [ -122.28013772703639, 47.453173649309761 ], [ -122.280196321828157, 47.453289379012283 ], [ -122.280250147734876, 47.453407402253355 ], [ -122.280299115180853, 47.453527522621748 ], [ -122.280343142675719, 47.453649540216233 ], [ -122.280629753834731, 47.454516178416398 ], [ -122.280656982593712, 47.454598507512827 ], [ -122.281178032116244, 47.456173927349603 ], [ -122.281183724978092, 47.456191141337172 ], [ -122.281189315588094, 47.456195059699702 ], [ -122.281189228867063, 47.456271584947515 ], [ -122.281299001850286, 47.456271899525092 ], [ -122.289035438750062, 47.456293815910257 ], [ -122.291741892532997, 47.456301361742085 ], [ -122.29185195874156, 47.456301665041224 ], [ -122.291863154271724, 47.456301696535036 ], [ -122.291858954004184, 47.456963398896548 ], [ -122.291852526698037, 47.457976169414373 ], [ -122.291848848194803, 47.458555554528203 ], [ -122.29184721773683, 47.458812448640792 ], [ -122.291847212253302, 47.458813391490494 ], [ -122.291835989740434, 47.458813363033855 ], [ -122.291725945583821, 47.458813089054409 ], [ -122.289144167812296, 47.458806585401128 ], [ -122.289022078697613, 47.45880627713489 ], [ -122.28901803274772, 47.459567109973825 ], [ -122.289017593048413, 47.459649353255493 ], [ -122.289018956768075, 47.459649357349342 ], [ -122.29027355906203, 47.459653448960267 ], [ -122.29104172373404, 47.459655945502284 ], [ -122.291657796827806, 47.459657946708731 ], [ -122.291728020960761, 47.45965817397466 ], [ -122.291786877540218, 47.459658362902886 ], [ -122.291786901408059, 47.45965836259608 ], [ -122.291830619088088, 47.459658505909026 ] ] ] ] } },
{ "type": "Feature", "properties": { "OBJECTID": 2543, "votdst": "3068", "NAME": "SET 33-3068", "SUM_VOTERS": 623, "Shape_Length": 16514.788622451812, "Shape_Area": 9270005.687132813 }, "geometry": { "type": "MultiPolygon", "coordinates": [ [ [ [ -122.267118625968919, 47.449246625581758 ], [ -122.267120147546805, 47.449347399431367 ], [ -122.267120709141196, 47.449384403382197 ], [ -122.267157038160306, 47.449384760129455 ], [ -122.267303148851937, 47.449386194949469 ], [ -122.267726879748949, 47.449390360856142 ], [ -122.268112825083122, 47.449394152989782 ], [ -122.26849875051316, 47.449397941364296 ], [ -122.268882657091098, 47.449401712593819 ], [ -122.27026709070887, 47.449415291249885 ], [ -122.270361623837999, 47.449416220384116 ], [ -122.270362489417934, 47.449472900905434 ], [ -122.270392238088888, 47.449472973842717 ], [ -122.27048374530159, 47.449473193647286 ], [ -122.277639029084796, 47.449490186767115 ], [ -122.27763677498811, 47.44948689596044 ], [ -122.276491613730684, 47.447814386456805 ], [ -122.276002577591797, 47.447100124396016 ], [ -122.275900155569133, 47.446946580889033 ], [ -122.275802069399248, 47.446790231976209 ], [ -122.275708395873082, 47.446631200061937 ], [ -122.275619208326901, 47.44646960965111 ], [ -122.275534576585002, 47.446305587251651 ], [ -122.275454566904926, 47.446139261275455 ], [ -122.275400003975264, 47.446017646538685 ], [ -122.275348115288921, 47.445894866973106 ], [ -122.275054991177385, 47.445179351037908 ], [ -122.275054134980593, 47.445177255070227 ], [ -122.274628559776843, 47.444133220990913 ], [ -122.274531082417056, 47.443894090675329 ], [ -122.27445424352014, 47.443716405488971 ], [ -122.274372230021513, 47.443541048631197 ], [ -122.274285112382842, 47.443368170759385 ], [ -122.274192965451022, 47.443197920401126 ], [ -122.274095868393871, 47.443030443826579 ], [ -122.273993904632079, 47.44286588492281 ], [ -122.27389254946101, 47.442712258155055 ], [ -122.27378721643673, 47.442561330992255 ], [ -122.273782382576073, 47.442554585152685 ], [ -122.273648192045172, 47.442373914353539 ], [ -122.27350867775381, 47.442197322171509 ], [ -122.273363963593994, 47.442024965424629 ], [ -122.272943045683633, 47.441536938126049 ], [ -122.272831377303547, 47.441407461828554 ], [ -122.272755014569128, 47.441317173331832 ], [ -122.272683495651805, 47.441223001550973 ], [ -122.272617017680901, 47.441125206053975 ], [ -122.272555763891319, 47.441024056396991 ], [ -122.272499903118387, 47.440919831381308 ], [ -122.272449589332524, 47.440812818284918 ], [ -122.27240496121486, 47.44070331207066 ], [ -122.272055063246484, 47.439704276797606 ], [ -122.272055044503347, 47.439704222160167 ], [ -122.271470682284942, 47.438052092083041 ], [ -122.271416257330898, 47.437890733032333 ], [ -122.27136123237446, 47.437710503886905 ], [ -122.271312440102875, 47.437528488489413 ], [ -122.27126993827639, 47.437344902309547 ], [ -122.27123377720865, 47.437159962676496 ], [ -122.271203999707083, 47.436973888521671 ], [ -122.271180641022298, 47.436786900119529 ], [ -122.271163728806258, 47.4365992188268 ], [ -122.27115328307967, 47.436411066820462 ], [ -122.271141073657503, 47.436079518139501 ], [ -122.271096173471022, 47.434860142526404 ], [ -122.271092703941463, 47.43476117260613 ], [ -122.271094734137407, 47.434662162702288 ], [ -122.271102257796997, 47.434563418197129 ], [ -122.271115251714576, 47.434465243654294 ], [ -122.27111977546852, 47.434438284861734 ], [ -122.271136926419544, 47.434352667897741 ], [ -122.271158102297704, 47.434267956612608 ], [ -122.271014202115794, 47.434266452490533 ], [ -122.270888265238611, 47.434265135191644 ], [ -122.270874617795798, 47.434378552590346 ], [ -122.270873684540319, 47.434379134762636 ], [ -122.270840479849895, 47.434399758730969 ], [ -122.270824243233122, 47.434410328756776 ], [ -122.270808252937982, 47.434421033295671 ], [ -122.270792468621124, 47.434431899846949 ], [ -122.270776889515076, 47.434442900533014 ], [ -122.270761599327017, 47.434454090067774 ], [ -122.270746514374594, 47.434465414636755 ], [ -122.270731675669523, 47.434476871021502 ], [ -122.270717080685003, 47.434488463752082 ], [ -122.270709495016746, 47.434494700521711 ], [ -122.270702736666777, 47.434500215226628 ], [ -122.270688637669764, 47.434512102131045 ], [ -122.270674783694005, 47.434524124465554 ], [ -122.270661217027325, 47.434536277196301 ], [ -122.270647896756955, 47.434548567139011 ], [ -122.27063482270961, 47.434560987998836 ], [ -122.270622034769971, 47.434573543768337 ], [ -122.270609489734497, 47.434586206208202 ], [ -122.27059723531616, 47.434598974713765 ], [ -122.270585224544874, 47.434611876868267 ], [ -122.270573499856965, 47.434624913033524 ], [ -122.270562061785725, 47.434638054415935 ], [ -122.270552901875917, 47.434648946729318 ], [ -122.270550911706295, 47.434651302797263 ], [ -122.270540042199727, 47.434664629484637 ], [ -122.270529420316876, 47.434678089770998 ], [ -122.270519123511562, 47.434691655686926 ], [ -122.270062786906394, 47.435224197346336 ], [ -122.269375568310338, 47.436025822541723 ], [ -122.26936809256928, 47.436034527207916 ], [ -122.269318110700127, 47.436092192486846 ], [ -122.268918206906093, 47.436557138057353 ], [ -122.268883667323692, 47.436596124622234 ], [ -122.268861724971302, 47.436620891985292 ], [ -122.268859136443851, 47.436623721584816 ], [ -122.268843115369563, 47.436640868208045 ], [ -122.268826855953151, 47.436657882007211 ], [ -122.268810345682098, 47.436674790128329 ], [ -122.268793512934394, 47.436691591678638 ], [ -122.268776472303941, 47.436708259119435 ], [ -122.268759104503289, 47.43672479396038 ], [ -122.268741531445656, 47.436741193758699 ], [ -122.268723672305512, 47.436757460436908 ], [ -122.268705564935971, 47.436773620503502 ], [ -122.268687174619245, 47.436789616823859 ], [ -122.268668535504347, 47.436805485848993 ], [ -122.268649691750213, 47.436821242312952 ], [ -122.268630561195948, 47.436836839576955 ], [ -122.268611184345716, 47.436852304116123 ], [ -122.268591557757546, 47.436867607186883 ], [ -122.268571687375797, 47.436882772103296 ], [ -122.268551573398256, 47.436897806059498 ], [ -122.268531249445147, 47.436912678043683 ], [ -122.268510679730142, 47.436927388508657 ], [ -122.268489863669558, 47.43694196444941 ], [ -122.26846880054633, 47.436956379786778 ], [ -122.268447532214822, 47.436970661878256 ], [ -122.268426055718166, 47.436984751388088 ], [ -122.268404334275402, 47.436998709054237 ], [ -122.268399411041528, 47.43700178768615 ], [ -122.268374533146698, 47.437017210242111 ], [ -122.268349451158841, 47.437032443761673 ], [ -122.268324122846948, 47.43704754365416 ], [ -122.268298623577763, 47.437062454090587 ], [ -122.268272886471522, 47.43707720200532 ], [ -122.268246938086378, 47.437091788861267 ], [ -122.268220823486558, 47.437106214088232 ], [ -122.268194460981164, 47.437120448133385 ], [ -122.268167932261363, 47.437134520549264 ], [ -122.268141157085154, 47.437148406262715 ], [ -122.268114252707818, 47.437162126279922 ], [ -122.268087106567222, 47.437175685623231 ], [ -122.268059790795718, 47.437189055492546 ], [ -122.268032265630694, 47.437202236390789 ], [ -122.268004578203687, 47.437215254709344 ], [ -122.267976682684136, 47.437228083140468 ], [ -122.267948660714083, 47.437240749438253 ], [ -122.267920390122995, 47.437253198473634 ], [ -122.267891994407094, 47.437265485358672 ], [ -122.267700050509532, 47.437351570743431 ], [ -122.266645254992, 47.437839775958082 ], [ -122.266580020665586, 47.437839007193475 ], [ -122.266574601299837, 47.437838944339731 ], [ -122.266488486598391, 47.437837932023932 ], [ -122.266483623855706, 47.437840274838933 ], [ -122.266375687375231, 47.437888897334865 ], [ -122.266270540120559, 47.437943289299035 ], [ -122.26616849020516, 47.438003291346455 ], [ -122.266069836666304, 47.438068727652883 ], [ -122.265974868588856, 47.438139406470043 ], [ -122.265883864258157, 47.438215120687495 ], [ -122.265797090344591, 47.438295648439563 ], [ -122.265714801122115, 47.438380753755453 ], [ -122.265637237723155, 47.438470187250694 ], [ -122.26556462743207, 47.438563686857954 ], [ -122.265497183019093, 47.438660978594946 ], [ -122.265435102116868, 47.438761777367297 ], [ -122.265378566641317, 47.438865787803948 ], [ -122.265327742258563, 47.438972705122694 ], [ -122.265282777899529, 47.439082216023273 ], [ -122.265231273122552, 47.439246912327249 ], [ -122.265228746879089, 47.439375540024841 ], [ -122.265223704198334, 47.439632429162998 ], [ -122.265223265493205, 47.439654866932571 ], [ -122.265218303151869, 47.439907532371869 ], [ -122.265198312017503, 47.440926192404461 ], [ -122.2651878421904, 47.441459673019949 ], [ -122.265160591954839, 47.442848149936758 ], [ -122.2651604166076, 47.442857082402675 ], [ -122.265160413483173, 47.442857403596562 ], [ -122.265158635566848, 47.442947916026242 ], [ -122.265157090638922, 47.443026569788366 ], [ -122.265156858969888, 47.443038428439337 ], [ -122.266245659380246, 47.443390008508842 ], [ -122.266456155902276, 47.44351719626944 ], [ -122.266971856386206, 47.443828795895165 ], [ -122.26709202330683, 47.443901400728436 ], [ -122.26694887320339, 47.44455364532444 ], [ -122.266884719184503, 47.444836836274547 ], [ -122.26681678524649, 47.445119144319825 ], [ -122.266681705701529, 47.445117300651063 ], [ -122.26593679876477, 47.445107119952475 ], [ -122.265836376288732, 47.445105747941092 ], [ -122.265734222590154, 47.445104350924318 ], [ -122.265733285749221, 47.445108049284798 ], [ -122.265671355828601, 47.445346728551371 ], [ -122.265609507665118, 47.445574539447435 ], [ -122.265545166918074, 47.445801658948938 ], [ -122.265512094445469, 47.445914876422925 ], [ -122.265509847242214, 47.44592248476193 ], [ -122.265469331358815, 47.446057991845862 ], [ -122.265461825561786, 47.446082739041621 ], [ -122.265461002186683, 47.446085450913209 ], [ -122.26545429046989, 47.446107482108715 ], [ -122.265453979007205, 47.446108503480112 ], [ -122.265350389497428, 47.446438522482573 ], [ -122.265241640506105, 47.446766877451175 ], [ -122.265127758746374, 47.447093487728601 ], [ -122.265129188940008, 47.447341186827224 ], [ -122.265131661945475, 47.44777024768036 ], [ -122.265131846210124, 47.447801863327882 ], [ -122.265596719589652, 47.447807617355963 ], [ -122.266525860392917, 47.447819112064224 ], [ -122.266854674563874, 47.447823177646917 ], [ -122.266975898661755, 47.447824678146063 ], [ -122.267045386301717, 47.447825535218598 ], [ -122.267097122692519, 47.447826175817902 ], [ -122.267915024111687, 47.447836284480388 ], [ -122.268070582133618, 47.447838205104276 ], [ -122.268596448303654, 47.447844700195574 ], [ -122.268742649831864, 47.447846505289412 ], [ -122.268859094238891, 47.447847943714756 ], [ -122.26886257785101, 47.448077561274175 ], [ -122.268866030252923, 47.448305174936536 ], [ -122.268866090335734, 47.44830909550295 ], [ -122.268868939219956, 47.448497067233831 ], [ -122.268870186516082, 47.448579307553729 ], [ -122.268871433865584, 47.448661549672352 ], [ -122.268872682698117, 47.448743700913504 ], [ -122.268874346898983, 47.448853443719571 ], [ -122.268874434475137, 47.448859280071687 ], [ -122.268878503249468, 47.449127576340445 ], [ -122.26867644601252, 47.449125592943503 ], [ -122.268419835801865, 47.449123073200695 ], [ -122.268111094922929, 47.449120040979373 ], [ -122.267510980444129, 47.449114144869029 ], [ -122.26734135877949, 47.449112479479886 ], [ -122.267212251150568, 47.449111209424601 ], [ -122.267116561951724, 47.449110268896511 ], [ -122.267118625968919, 47.449246625581758 ] ] ] ] } },
{ "type": "Feature", "properties": { "OBJECTID": 2544, "votdst": "3069", "NAME": "SET 33-3069", "SUM_VOTERS": 477, "Shape_Length": 8397.6339065316952, "Shape_Area": 3266910.406081466 }, "geometry": { "type": "MultiPolygon", "coordinates": [ [ [ [ -122.270527663990407, 47.452357770738828 ], [ -122.270527715822155, 47.452818274779787 ], [ -122.279928459359951, 47.452842112344563 ], [ -122.279934343164868, 47.45284212637705 ], [ -122.279634657035601, 47.452404508656691 ], [ -122.278786011831798, 47.451165221839084 ], [ -122.278705670953912, 47.451047901923992 ], [ -122.277639029084796, 47.449490186767115 ], [ -122.27048374530159, 47.449473193647286 ], [ -122.270392238088888, 47.449472973842717 ], [ -122.270362489417934, 47.449472900905434 ], [ -122.270361623837999, 47.449416220384116 ], [ -122.27026709070887, 47.449415291249885 ], [ -122.268882657091098, 47.449401712593819 ], [ -122.26849875051316, 47.449397941364296 ], [ -122.268112825083122, 47.449394152989782 ], [ -122.267726879748949, 47.449390360856142 ], [ -122.267303148851937, 47.449386194949469 ], [ -122.267157038160306, 47.449384760129455 ], [ -122.267144823733105, 47.449402424191327 ], [ -122.267121521845866, 47.449438128489838 ], [ -122.267088532703795, 47.449496768290594 ], [ -122.267061647389497, 47.449558445592764 ], [ -122.267041141966274, 47.449622527082653 ], [ -122.267027226987523, 47.449688354759914 ], [ -122.267020045334732, 47.449755252694047 ], [ -122.267019986998193, 47.449756846610249 ], [ -122.267009496138897, 47.450046714661731 ], [ -122.267025529459801, 47.451105760127454 ], [ -122.26702559391893, 47.451110231188956 ], [ -122.267031766652082, 47.451110294412871 ], [ -122.26714986037419, 47.451111452058214 ], [ -122.267955111231615, 47.451119365841826 ], [ -122.26795635781798, 47.451201630457959 ], [ -122.26796031945031, 47.451463540063273 ], [ -122.267960632519731, 47.451484145781599 ], [ -122.267964154091274, 47.451716968113793 ], [ -122.267964283749308, 47.451725448737335 ], [ -122.268094833164255, 47.45172672857101 ], [ -122.268368414285092, 47.451729415960131 ], [ -122.268507168982055, 47.451730781337837 ], [ -122.268772544956548, 47.451733384441198 ], [ -122.268892784071525, 47.451734566220075 ], [ -122.268918048126423, 47.451734814157341 ], [ -122.26892202117935, 47.451996720950909 ], [ -122.268925995647407, 47.452258629527847 ], [ -122.26892726907063, 47.452342536473267 ], [ -122.270516431754885, 47.452359311005054 ], [ -122.270527635701782, 47.452356598926634 ], [ -122.270527663345661, 47.452356591379683 ], [ -122.270527663990407, 47.452357770738828 ] ] ] ] } },
{ "type": "Feature", "properties": { "OBJECTID": 2545, "votdst": "3070", "NAME": "SET 33-3070", "SUM_VOTERS": 445, "Shape_Length": 9178.4914573643819, "Shape_Area": 3535542.8244378711 }, "geometry": { "type": "MultiPolygon", "coordinates": [ [ [ [ -122.267836669147002, 47.452413239724642 ], [ -122.267835153965777, 47.452687402678485 ], [ -122.267834094503812, 47.452879320870615 ], [ -122.267833942109164, 47.452906734298622 ], [ -122.267832788934484, 47.453114979492113 ], [ -122.267831638501164, 47.453323228250298 ], [ -122.267831066846654, 47.453427651249655 ], [ -122.267830492036211, 47.45353147695927 ], [ -122.267829778105551, 47.453660690046064 ], [ -122.267829550280752, 47.45370181422723 ], [ -122.267829474781053, 47.453715522282053 ], [ -122.267829371489441, 47.453734347573899 ], [ -122.267828250835038, 47.453937214592393 ], [ -122.267828039175342, 47.453975983434667 ], [ -122.267828311812707, 47.4541405119693 ], [ -122.267828324679755, 47.454148314877294 ], [ -122.267828395243953, 47.454189437984681 ], [ -122.267828463156533, 47.454230561125691 ], [ -122.267828496766725, 47.454250169131903 ], [ -122.267828513638094, 47.454485399025565 ], [ -122.267828513663716, 47.454521156952268 ], [ -122.267828516579769, 47.454524351370594 ], [ -122.269326028711987, 47.454540188198756 ], [ -122.269754741761091, 47.454544716705982 ], [ -122.270391514299661, 47.454551442710873 ], [ -122.270391478705662, 47.454572452272608 ], [ -122.270527916108222, 47.454572809196293 ], [ -122.270649173728643, 47.454573119881374 ], [ -122.270953233829545, 47.454573903760341 ], [ -122.2713574270187, 47.45457494514072 ], [ -122.271357660123812, 47.454849119514556 ], [ -122.271357803901125, 47.455014680753145 ], [ -122.27135784598525, 47.455068436353109 ], [ -122.271357988145638, 47.455232927995986 ], [ -122.271358103704358, 47.455371086164092 ], [ -122.271358127580797, 47.455397416975281 ], [ -122.271358267016822, 47.455561905955236 ], [ -122.271358405202136, 47.455726397650515 ], [ -122.271358783062482, 47.456167227169452 ], [ -122.271358854182722, 47.456249474341931 ], [ -122.281068265489196, 47.456274195512414 ], [ -122.281176810441693, 47.456274469204253 ], [ -122.281189174432626, 47.456274499433931 ], [ -122.281189227468886, 47.456274498757089 ], [ -122.281189228867063, 47.456271584947515 ], [ -122.281189315588094, 47.456195059699702 ], [ -122.281183724978092, 47.456191141337172 ], [ -122.281178032116244, 47.456173927349603 ], [ -122.280656982593712, 47.454598507512827 ], [ -122.280629753834731, 47.454516178416398 ], [ -122.280343142675719, 47.453649540216233 ], [ -122.280299115180867, 47.453527522621741 ], [ -122.280250147734904, 47.45340740225334 ], [ -122.2801963218282, 47.453289379012261 ], [ -122.280137727036418, 47.453173649309747 ], [ -122.280074460871532, 47.453060405740175 ], [ -122.280006628619461, 47.452949836760595 ], [ -122.279934343164868, 47.45284212637705 ], [ -122.279928459359951, 47.452842112344563 ], [ -122.270527715822155, 47.452818274779787 ], [ -122.270527663990407, 47.452357770738828 ], [ -122.270527648860835, 47.452356595161561 ], [ -122.270516431754885, 47.452359311005054 ], [ -122.26892726907063, 47.452342536473267 ], [ -122.268272814490302, 47.452335628633286 ], [ -122.267837120360284, 47.452331023806117 ], [ -122.267836669147002, 47.452413239724642 ] ] ] ] } },
{ "type": "Feature", "properties": { "OBJECTID": 2546, "votdst": "3073", "NAME": "SET 33-3073", "SUM_VOTERS": 524, "Shape_Length": 12418.971924610127, "Shape_Area": 5900451.7291121008 }, "geometry": { "type": "MultiPolygon", "coordinates": [ [ [ [ -122.281384295605505, 47.44179751194136 ], [ -122.282687225977355, 47.441874056349789 ], [ -122.283335565464029, 47.441971481234752 ], [ -122.283338966262221, 47.441971991009858 ], [ -122.283528809670202, 47.442000512658652 ], [ -122.283849113071369, 47.442003256469654 ], [ -122.283846819245667, 47.441920989832788 ], [ -122.283837732643988, 47.441595113021513 ], [ -122.284069925405063, 47.44159712260052 ], [ -122.284070049404761, 47.44159476137316 ], [ -122.284072815135929, 47.441542788700453 ], [ -122.284089592621797, 47.441227716271882 ], [ -122.284093968247944, 47.441145499267392 ], [ -122.28409834456005, 47.441063307442683 ], [ -122.284118032140626, 47.440693503227664 ], [ -122.284126780622955, 47.440529119629382 ], [ -122.284139909357947, 47.440282549551583 ], [ -122.284161681078544, 47.439873585329252 ], [ -122.284166076492326, 47.439790991138352 ], [ -122.284769196167588, 47.439797125477085 ], [ -122.286840837536118, 47.439818176448377 ], [ -122.286845152341812, 47.439735982553515 ], [ -122.286873918295072, 47.439188389979179 ], [ -122.286935349214076, 47.438018867925187 ], [ -122.286935348738353, 47.438018850838951 ], [ -122.288149718986205, 47.438033207648793 ], [ -122.291200293166469, 47.438069217068616 ], [ -122.291202513486851, 47.4380692434029 ], [ -122.291835287771221, 47.438076703944958 ], [ -122.291859150213696, 47.438076985405694 ], [ -122.291899268443416, 47.438077458123168 ], [ -122.29203277393141, 47.438079030902905 ], [ -122.292279542101127, 47.438081937120202 ], [ -122.292279591142446, 47.438081936489347 ], [ -122.293488461543674, 47.438085324632304 ], [ -122.293492356023421, 47.43808533386548 ], [ -122.293546823624681, 47.438085483616739 ], [ -122.29455366899046, 47.438088279464409 ], [ -122.294627175655137, 47.438088482960701 ], [ -122.29462937684292, 47.438088488783656 ], [ -122.29468820583844, 47.438088653759252 ], [ -122.294779872417138, 47.438088909232 ], [ -122.294964339407755, 47.438089426033514 ], [ -122.295375303067686, 47.438090578130904 ], [ -122.295375328251055, 47.438090577806264 ], [ -122.295375564254982, 47.438090577462624 ], [ -122.295507744799892, 47.4380909451775 ], [ -122.295545273908829, 47.438091050564317 ], [ -122.295577640786803, 47.438091140632615 ], [ -122.295779961204005, 47.438091700297747 ], [ -122.295757132731353, 47.437776832800218 ], [ -122.295521408158493, 47.434525006913532 ], [ -122.295521402948395, 47.434524962900376 ], [ -122.293131798662273, 47.43450506291974 ], [ -122.292519638351024, 47.434499958259501 ], [ -122.292505583971192, 47.434499841329867 ], [ -122.292495075688905, 47.434499754337786 ], [ -122.292462879812732, 47.434499487595971 ], [ -122.29206418839847, 47.434494999969104 ], [ -122.291836581150392, 47.434492438110382 ], [ -122.290937561700417, 47.434482302145959 ], [ -122.290934210331102, 47.434482266056726 ], [ -122.287719911964572, 47.434445971677881 ], [ -122.287090625042595, 47.434438855160572 ], [ -122.28684720411583, 47.434436101884685 ], [ -122.286835168474767, 47.43443596557529 ], [ -122.28505279680661, 47.434415788157409 ], [ -122.28171832433469, 47.434377964508514 ], [ -122.281709028715895, 47.43437785833094 ], [ -122.28170895843607, 47.434379913005429 ], [ -122.281708853066093, 47.434383187979776 ], [ -122.281708764517703, 47.434385826725155 ], [ -122.281708297329018, 47.434400003122754 ], [ -122.281652586815696, 47.436090606889003 ], [ -122.281650782184101, 47.436145422509973 ], [ -122.28165027262942, 47.436161036103044 ], [ -122.281648976223252, 47.436200238147904 ], [ -122.281648446795415, 47.43621609128725 ], [ -122.28164490317279, 47.436324361502258 ], [ -122.281634739286019, 47.436632552450732 ], [ -122.281634705954943, 47.436633597307001 ], [ -122.281620071985671, 47.437077608726362 ], [ -122.28161980028716, 47.437085881279828 ], [ -122.281619636776682, 47.437090788863323 ], [ -122.281615960000678, 47.437202245348018 ], [ -122.281615354734825, 47.437220575143293 ], [ -122.281608901717249, 47.437416064132286 ], [ -122.281608490243215, 47.43742876178284 ], [ -122.28160831126155, 47.437433876470877 ], [ -122.281603216268351, 47.437588990454849 ], [ -122.281603141762929, 47.437591275479832 ], [ -122.281591133301916, 47.437955541095896 ], [ -122.281570806013718, 47.438333052435681 ], [ -122.281529360110909, 47.439102981616152 ], [ -122.281498185656119, 47.439682015854537 ], [ -122.281496640823462, 47.439710692202581 ], [ -122.281495176626976, 47.439737830111802 ], [ -122.281493996311269, 47.439759953647943 ], [ -122.281493786565619, 47.439763768812931 ], [ -122.28149083464352, 47.439818582890034 ], [ -122.281489317122919, 47.439846762312399 ], [ -122.281399345955734, 47.441518014192518 ], [ -122.281399310820021, 47.44151865965128 ], [ -122.281396437012944, 47.441571994693064 ], [ -122.281384295605505, 47.44179751194136 ] ] ] ] } },
{ "type": "Feature", "properties": { "OBJECTID": 2547, "votdst": "3074", "NAME": "SET 33-3074", "SUM_VOTERS": 470, "Shape_Length": 8058.3593071888563, "Shape_Area": 3845240.1704889564 }, "geometry": { "type": "MultiPolygon", "coordinates": [ [ [ [ -122.27240496121486, 47.44070331207066 ], [ -122.272449589332524, 47.440812818284918 ], [ -122.272499903118387, 47.440919831381308 ], [ -122.272555763891319, 47.441024056396991 ], [ -122.272617017680901, 47.441125206053975 ], [ -122.272683495651805, 47.441223001550973 ], [ -122.272755014569128, 47.441317173331832 ], [ -122.272831377303547, 47.441407461828554 ], [ -122.272943045683633, 47.441536938126049 ], [ -122.273363963593994, 47.442024965424629 ], [ -122.273508677753796, 47.442197322171523 ], [ -122.273648192045158, 47.442373914353553 ], [ -122.273782382576073, 47.442554585152685 ], [ -122.27378721643673, 47.442561330992255 ], [ -122.27389254946101, 47.442712258155055 ], [ -122.273993904632079, 47.44286588492281 ], [ -122.274095868393871, 47.443030443826579 ], [ -122.274192965451022, 47.443197920401126 ], [ -122.274285112382842, 47.443368170759385 ], [ -122.274372230021513, 47.443541048631197 ], [ -122.27445424352014, 47.443716405488971 ], [ -122.274531082417056, 47.443894090675329 ], [ -122.274628559776843, 47.444133220990913 ], [ -122.275054134980593, 47.445177255070227 ], [ -122.275809823443439, 47.445178699874532 ], [ -122.27899288018267, 47.445184726537484 ], [ -122.279038508143572, 47.44518481249407 ], [ -122.280189033987213, 47.445186970434754 ], [ -122.280196972371783, 47.445186984323342 ], [ -122.280198880669658, 47.445186986069793 ], [ -122.281080392962735, 47.445188625895092 ], [ -122.281201467752894, 47.445188854491683 ], [ -122.281201698486484, 47.445188854245252 ], [ -122.281331969047343, 47.445189535665648 ], [ -122.281384569559236, 47.445189809643807 ], [ -122.281494931211554, 47.445190386097927 ], [ -122.281505805450735, 47.445190443375914 ], [ -122.281505807751216, 47.445190096102529 ], [ -122.281511517740327, 47.444683323116266 ], [ -122.28151336874366, 47.44451883896248 ], [ -122.281423017568187, 47.444043009670871 ], [ -122.281407491072031, 47.443961234021714 ], [ -122.281314914842596, 47.443473672666876 ], [ -122.281306605565177, 47.443418430198918 ], [ -122.281302636709114, 47.443362707469817 ], [ -122.281303032526623, 47.443306844980746 ], [ -122.281312026121441, 47.44313996759621 ], [ -122.281384295605505, 47.44179751194136 ], [ -122.281396437012944, 47.441571994693064 ], [ -122.281399310820021, 47.44151865965128 ], [ -122.281399345955734, 47.441518014192518 ], [ -122.281489317122919, 47.439846762312399 ], [ -122.28149083464352, 47.439818582890034 ], [ -122.281493786565619, 47.439763768812931 ], [ -122.280807645240415, 47.439759471001324 ], [ -122.278824189858128, 47.439747021284312 ], [ -122.277591929537863, 47.439739269955581 ], [ -122.277490911402012, 47.43973863744926 ], [ -122.277490781354885, 47.439738633707599 ], [ -122.276779932542055, 47.439734156555012 ], [ -122.275969098680434, 47.439729041440344 ], [ -122.275446520670371, 47.439725743199325 ], [ -122.274820396759822, 47.439721784921815 ], [ -122.273608385860385, 47.439714119792974 ], [ -122.273608216123435, 47.439714119249686 ], [ -122.272055063246484, 47.439704276797606 ], [ -122.27240496121486, 47.44070331207066 ] ] ] ] } },
{ "type": "Feature", "properties": { "OBJECTID": 2548, "votdst": "3075", "NAME": "SET 33-3075", "SUM_VOTERS": 324, "Shape_Length": 6829.9475004767064, "Shape_Area": 2745211.335677031 }, "geometry": { "type": "MultiPolygon", "coordinates": [ [ [ [ -122.292462879812732, 47.434499487595971 ], [ -122.292495075688905, 47.434499754337786 ], [ -122.292505583971192, 47.434499841329867 ], [ -122.292519638351024, 47.434499958259501 ], [ -122.293131798662273, 47.43450506291974 ], [ -122.295521402948395, 47.434524962900376 ], [ -122.295356799984006, 47.432272259974525 ], [ -122.295341653643831, 47.432009339138396 ], [ -122.295332999655869, 47.431746124613376 ], [ -122.295330843290216, 47.431482776691837 ], [ -122.295335185860054, 47.431219455747403 ], [ -122.295346024720843, 47.430956322137256 ], [ -122.294779670712515, 47.430948261988171 ], [ -122.293188572873888, 47.430925599318734 ], [ -122.292646102870364, 47.430917867853786 ], [ -122.292431347787343, 47.430915621479201 ], [ -122.292431266921355, 47.430915621620109 ], [ -122.292056232683407, 47.430911699826432 ], [ -122.291974107168301, 47.430910839202284 ], [ -122.291973501148007, 47.430910833503653 ], [ -122.291750012313855, 47.430908495772918 ], [ -122.291742579413082, 47.430908418645402 ], [ -122.291733194424694, 47.430908319844079 ], [ -122.291384518396441, 47.430904674858581 ], [ -122.291382600815979, 47.430904654534743 ], [ -122.291381343616408, 47.430904640113368 ], [ -122.29137564000996, 47.430904582108219 ], [ -122.290723584301077, 47.430897757455377 ], [ -122.290721571252206, 47.430897736548182 ], [ -122.290616135263392, 47.430896632968718 ], [ -122.290129652714938, 47.430891538952231 ], [ -122.289812001546508, 47.430888214735141 ], [ -122.289788416406864, 47.430887965308401 ], [ -122.289669647621324, 47.430886720832298 ], [ -122.28946358686288, 47.430884560490576 ], [ -122.289322197198558, 47.430883081657299 ], [ -122.289287735239725, 47.430882718994468 ], [ -122.289259767339402, 47.430882425874515 ], [ -122.288876963694278, 47.430878407109411 ], [ -122.288810375376158, 47.430877716295917 ], [ -122.288394931988122, 47.430873353778722 ], [ -122.288358109626927, 47.430872968944499 ], [ -122.288032702205868, 47.43086955844965 ], [ -122.287937499971989, 47.430868558592366 ], [ -122.287913127220165, 47.430868303585804 ], [ -122.28789198357974, 47.430868082720032 ], [ -122.287875156414742, 47.430867905438802 ], [ -122.287236443772088, 47.430861202656317 ], [ -122.28697793652664, 47.43085848857001 ], [ -122.28696865065065, 47.431091094883953 ], [ -122.286959267080633, 47.431326147554039 ], [ -122.286949886001537, 47.431561197493323 ], [ -122.286944701325851, 47.431691261079109 ], [ -122.286944679738582, 47.43169177142719 ], [ -122.286941070212535, 47.431782316227981 ], [ -122.28694050093722, 47.431796250182352 ], [ -122.286931113062792, 47.4320313002085 ], [ -122.286930128068263, 47.432056445768232 ], [ -122.286921737106582, 47.432266352780566 ], [ -122.286912351763831, 47.432501404573216 ], [ -122.286911372374917, 47.43252646639862 ], [ -122.286902966261451, 47.43273645366903 ], [ -122.286900489710646, 47.432799172013979 ], [ -122.286893612807575, 47.432971514048681 ], [ -122.286887898753463, 47.433114622275411 ], [ -122.286884231212483, 47.433206566692562 ], [ -122.286874853508849, 47.433441619286434 ], [ -122.286865475921118, 47.433676679075433 ], [ -122.286860309306732, 47.433806025450558 ], [ -122.286858802747446, 47.433843870106166 ], [ -122.286856092722346, 47.433911730839888 ], [ -122.286846710864523, 47.43414678618538 ], [ -122.286837304189689, 47.4343818103629 ], [ -122.286835685327077, 47.434423099214783 ], [ -122.286835168474767, 47.43443596557529 ], [ -122.28684720411583, 47.434436101884685 ], [ -122.287090625042595, 47.434438855160572 ], [ -122.287719911964572, 47.434445971677881 ], [ -122.290934210331102, 47.434482266056726 ], [ -122.290937561700417, 47.434482302145959 ], [ -122.291836581150392, 47.434492438110382 ], [ -122.29206418839847, 47.434494999969104 ], [ -122.292462879812732, 47.434499487595971 ] ] ] ] } },
{ "type": "Feature", "properties": { "OBJECTID": 2549, "votdst": "3076", "NAME": "SET 33-3076", "SUM_VOTERS": 583, "Shape_Length": 12817.647694323639, "Shape_Area": 8199755.0344180297 }, "geometry": { "type": "MultiPolygon", "coordinates": [ [ [ [ -122.28697793652664, 47.43085848857001 ], [ -122.287236443772088, 47.430861202656317 ], [ -122.287875156414742, 47.430867905438802 ], [ -122.28789198357974, 47.430868082720032 ], [ -122.287913127220165, 47.430868303585804 ], [ -122.287937499971989, 47.430868558592366 ], [ -122.288032702205868, 47.43086955844965 ], [ -122.288358109626927, 47.430872968944499 ], [ -122.288394931988122, 47.430873353778722 ], [ -122.288810375376158, 47.430877716295917 ], [ -122.288876963694278, 47.430878407109411 ], [ -122.289259767339402, 47.430882425874515 ], [ -122.289287735239725, 47.430882718994468 ], [ -122.289322197198558, 47.430883081657299 ], [ -122.28946358686288, 47.430884560490576 ], [ -122.289669647621324, 47.430886720832298 ], [ -122.289788416406864, 47.430887965308401 ], [ -122.289812001546508, 47.430888214735141 ], [ -122.290129652714938, 47.430891538952231 ], [ -122.290616135263392, 47.430896632968718 ], [ -122.290721571252206, 47.430897736548182 ], [ -122.290723584301077, 47.430897757455377 ], [ -122.29137564000996, 47.430904582108219 ], [ -122.291381343616408, 47.430904640113368 ], [ -122.291382600815979, 47.430904654534743 ], [ -122.291384518396441, 47.430904674858581 ], [ -122.291733194424694, 47.430908319844079 ], [ -122.291742579413082, 47.430908418645402 ], [ -122.291750012313855, 47.430908495772918 ], [ -122.291973501148007, 47.430910833503653 ], [ -122.291974107168301, 47.430910839202284 ], [ -122.292056232683407, 47.430911699826432 ], [ -122.292431266921355, 47.430915621620109 ], [ -122.292431347787343, 47.430915621479201 ], [ -122.292646102870364, 47.430917867853786 ], [ -122.293188572873888, 47.430925599318734 ], [ -122.294779670712515, 47.430948261988171 ], [ -122.295346024720843, 47.430956322137256 ], [ -122.295363231271338, 47.430683021466216 ], [ -122.295387408901973, 47.430410249098941 ], [ -122.295418541854744, 47.430138182817636 ], [ -122.295586984354927, 47.428815039387302 ], [ -122.295770618091893, 47.427372469631806 ], [ -122.295779354514465, 47.427303851623442 ], [ -122.295869038297269, 47.426599247484596 ], [ -122.296365993171094, 47.422694801849602 ], [ -122.29636501218117, 47.422694798315412 ], [ -122.296163410410273, 47.422693679737669 ], [ -122.295722977566101, 47.422691232611982 ], [ -122.295570872152226, 47.422690389448078 ], [ -122.29534349418482, 47.422689126854131 ], [ -122.294829287901024, 47.422686252046027 ], [ -122.294768837610832, 47.422685934643063 ], [ -122.294711537719238, 47.422685603589457 ], [ -122.294176247625316, 47.422682629638388 ], [ -122.293906157515721, 47.422681136329771 ], [ -122.293364764814186, 47.422678112119726 ], [ -122.292845719180974, 47.422675225866577 ], [ -122.29216292938105, 47.422671413475008 ], [ -122.292041748127104, 47.422670738024415 ], [ -122.292040727091205, 47.422670771851521 ], [ -122.290944212854612, 47.422686090245669 ], [ -122.290007734161051, 47.422699167518466 ], [ -122.28909767446109, 47.422711870853171 ], [ -122.289094518487687, 47.422711922170201 ], [ -122.289094278728498, 47.422711927947439 ], [ -122.289093571275984, 47.422711941528895 ], [ -122.289018670658308, 47.422712972475232 ], [ -122.288819484095143, 47.422715741071272 ], [ -122.288812404566215, 47.422715840049392 ], [ -122.288814313147867, 47.422908116077096 ], [ -122.288814330767167, 47.422910175028179 ], [ -122.288814333057957, 47.422910399898008 ], [ -122.288831402090111, 47.424049057869411 ], [ -122.288828563991899, 47.424073177490946 ], [ -122.288821867324899, 47.424096521989128 ], [ -122.288811487954177, 47.424118478300471 ], [ -122.288797698458453, 47.424138469817464 ], [ -122.288780860971713, 47.424155971531228 ], [ -122.288761417673015, 47.424170523819029 ], [ -122.28884651963034, 47.424221724952275 ], [ -122.288853240305485, 47.424225769626837 ], [ -122.288854683084296, 47.424277961012976 ], [ -122.288887470994851, 47.425464840768832 ], [ -122.288837823648308, 47.425469977271185 ], [ -122.288789419323948, 47.42548215364414 ], [ -122.288760044548923, 47.425486402570392 ], [ -122.288745406610843, 47.425488660435867 ], [ -122.288680665474047, 47.425502087347986 ], [ -122.288617358386347, 47.425521163757736 ], [ -122.288584942599314, 47.425530928415029 ], [ -122.288574892508151, 47.425533327985363 ], [ -122.288504640219074, 47.425548803082187 ], [ -122.288461411034774, 47.425558028184199 ], [ -122.288424323328556, 47.425567015226882 ], [ -122.288384546030372, 47.42557944270829 ], [ -122.288345771276411, 47.425594713405744 ], [ -122.288315047029187, 47.425609388510566 ], [ -122.288285404234472, 47.42562614090712 ], [ -122.288283932917039, 47.425641654443062 ], [ -122.288264943141996, 47.425649770487368 ], [ -122.288186629811932, 47.425683237303431 ], [ -122.288179572874796, 47.425686255138743 ], [ -122.288178783148851, 47.425686505923089 ], [ -122.288178043160556, 47.425686878719546 ], [ -122.288177371621742, 47.425687364101343 ], [ -122.288176785513357, 47.425687949794806 ], [ -122.288176299656129, 47.425688620989725 ], [ -122.288175926335725, 47.425689360713825 ], [ -122.288175674992189, 47.425690150261985 ], [ -122.288175551981141, 47.425690969669176 ], [ -122.288175560413123, 47.425691798215354 ], [ -122.288175700074902, 47.425692614949369 ], [ -122.288175967434924, 47.425693399218765 ], [ -122.288176257957289, 47.425694422669523 ], [ -122.288176370978675, 47.425695480535708 ], [ -122.288176303234735, 47.425696542263296 ], [ -122.288176056682076, 47.425697577186718 ], [ -122.288175638441814, 47.425698555414598 ], [ -122.288175060593858, 47.425699448693081 ], [ -122.288174339828018, 47.425700231221867 ], [ -122.28817349696196, 47.425700880399418 ], [ -122.288172556339902, 47.42570137747574 ], [ -122.288171545129586, 47.425701708093918 ], [ -122.288170492537461, 47.425701862704813 ], [ -122.288119530079399, 47.425716719418709 ], [ -122.288121369945813, 47.425733751268567 ], [ -122.288112920558362, 47.425737605598378 ], [ -122.288105766856475, 47.425740290920011 ], [ -122.288096206784374, 47.425742390891521 ], [ -122.28806047225055, 47.425749709691168 ], [ -122.28804530886579, 47.425752697047812 ], [ -122.288029883929724, 47.425753658236751 ], [ -122.287944427431881, 47.425769166115877 ], [ -122.287928941774581, 47.425771975407429 ], [ -122.2879102542, 47.425776820175386 ], [ -122.287892603140506, 47.425784639211074 ], [ -122.287889766551785, 47.425790262095767 ], [ -122.287887955018505, 47.425792951244077 ], [ -122.287885726372579, 47.425795306304337 ], [ -122.287883141156769, 47.425797263299664 ], [ -122.287880269600294, 47.425798769066887 ], [ -122.287863466506508, 47.42580025395096 ], [ -122.287857952741533, 47.425800463451523 ], [ -122.287852470167152, 47.425799841460524 ], [ -122.287847143460795, 47.425798402122467 ], [ -122.287842093755344, 47.425796178168859 ], [ -122.287837435884526, 47.425793220173915 ], [ -122.287834533496579, 47.425791339182211 ], [ -122.287831394476299, 47.425789887101907 ], [ -122.287828081793052, 47.425788893062027 ], [ -122.287824661899947, 47.425788377003208 ], [ -122.287821203400725, 47.425788349277681 ], [ -122.28778338348738, 47.425790618315368 ], [ -122.287731698725281, 47.425796587106007 ], [ -122.287726077071824, 47.425798737282896 ], [ -122.287718715613977, 47.425807433651237 ], [ -122.287711900191638, 47.42581413806564 ], [ -122.287704098101187, 47.425819663148332 ], [ -122.287703370674876, 47.425820103385675 ], [ -122.287687077993027, 47.425828299573951 ], [ -122.287669920378704, 47.425834483848803 ], [ -122.287652145213471, 47.425838567044245 ], [ -122.287637686926459, 47.425840374810832 ], [ -122.287623120783493, 47.425840745704633 ], [ -122.287604443316781, 47.425839291005381 ], [ -122.287586185381727, 47.425835094373426 ], [ -122.287568747248045, 47.425828247811765 ], [ -122.287552511212965, 47.425818901417955 ], [ -122.287549685633849, 47.425817247207164 ], [ -122.287546636833454, 47.425816053420426 ], [ -122.287543439271445, 47.425815349213131 ], [ -122.287541942763752, 47.425815162398571 ], [ -122.287500170987414, 47.425818280866864 ], [ -122.287480485179316, 47.425818700869726 ], [ -122.287460866310838, 47.425817025327135 ], [ -122.287444180133505, 47.425813855035805 ], [ -122.287418950235661, 47.425805536166095 ], [ -122.287408903989771, 47.425802076639457 ], [ -122.287398499643331, 47.425799921423362 ], [ -122.287387905798084, 47.425799105442948 ], [ -122.287373069312849, 47.425800045967257 ], [ -122.287355250282047, 47.425803416764168 ], [ -122.287335653489663, 47.425806608777748 ], [ -122.287315809716517, 47.42580727802342 ], [ -122.287298972196183, 47.425806812939541 ], [ -122.287277955033133, 47.425806299794075 ], [ -122.287218152835052, 47.425805149577521 ], [ -122.287170137936187, 47.42580461914774 ], [ -122.287161095433817, 47.425804551572512 ], [ -122.287137272601782, 47.425803584994448 ], [ -122.287130244629893, 47.425802979716529 ], [ -122.287094958879763, 47.425797963400363 ], [ -122.287060551165141, 47.425788670566376 ], [ -122.28702753775984, 47.42577524064977 ], [ -122.286996414016656, 47.425757875161011 ], [ -122.286996008541905, 47.425757595187278 ], [ -122.286995780088787, 47.425757436188761 ], [ -122.286995721881539, 47.425757392854756 ], [ -122.286995681376609, 47.425757366386172 ], [ -122.286995417769248, 47.425757182649654 ], [ -122.286995056950047, 47.42575693538847 ], [ -122.286994885303926, 47.425756817043094 ], [ -122.286994589292632, 47.425756612131686 ], [ -122.286994502807062, 47.425756552967513 ], [ -122.286994432598505, 47.425756507088572 ], [ -122.28699418941882, 47.425756342881272 ], [ -122.28699368530701, 47.425755995802788 ], [ -122.286993535238565, 47.425755890674715 ], [ -122.286993427100299, 47.425755815595387 ], [ -122.286992447155086, 47.425755137268546 ], [ -122.286992393073419, 47.425755099279236 ], [ -122.28699137972292, 47.425754363806483 ], [ -122.286990921116143, 47.425754032337274 ], [ -122.286990570747875, 47.42575377954455 ], [ -122.286990435406054, 47.425753679625274 ], [ -122.286990373148299, 47.425753633644405 ], [ -122.286989878012051, 47.425753275655659 ], [ -122.286989476287459, 47.425752987537422 ], [ -122.286989300340593, 47.425752857552446 ], [ -122.28698884715962, 47.425752530511666 ], [ -122.286988303117056, 47.425752129969268 ], [ -122.286988182677163, 47.425752041553693 ], [ -122.286987609780539, 47.425751604497748 ], [ -122.286986287840193, 47.425750593206672 ], [ -122.286985723044594, 47.425750161444427 ], [ -122.286984471613266, 47.425749206823532 ], [ -122.286984259186966, 47.425749052117496 ], [ -122.286973951648875, 47.42574039790366 ], [ -122.286967929036678, 47.425734716797407 ], [ -122.286958168362901, 47.425727145631221 ], [ -122.286947349286621, 47.425721184012424 ], [ -122.286935734912859, 47.425716976919361 ], [ -122.286923607687129, 47.425714626662725 ], [ -122.286876782834995, 47.425709318389579 ], [ -122.28687671392828, 47.42570931927294 ], [ -122.286876656597286, 47.425709307413499 ], [ -122.28681142048417, 47.425706428349983 ], [ -122.286802410579782, 47.425706435894575 ], [ -122.286739495346964, 47.425709262866341 ], [ -122.286731300768054, 47.425709987727821 ], [ -122.286693495132852, 47.425718865554607 ], [ -122.28665042966918, 47.425729511923137 ], [ -122.286569711104704, 47.425752423348165 ], [ -122.286490141848248, 47.425779053283847 ], [ -122.286465192606244, 47.425788292529155 ], [ -122.286448160773304, 47.425794706324687 ], [ -122.286330084176626, 47.425836733712146 ], [ -122.286169828221517, 47.42588734742229 ], [ -122.286034262407995, 47.425924750661707 ], [ -122.286033468730523, 47.425924954243449 ], [ -122.286009390275808, 47.425931001257446 ], [ -122.285931474151283, 47.425948418767589 ], [ -122.285852936491736, 47.425962775931445 ], [ -122.285848646610987, 47.425963483093433 ], [ -122.285812988884075, 47.425970004951878 ], [ -122.285750064296153, 47.425984350288175 ], [ -122.28568807680179, 47.426002318119998 ], [ -122.285639575146121, 47.426019293460229 ], [ -122.285592000119252, 47.426038714829801 ], [ -122.285528212755111, 47.426067302337103 ], [ -122.285443091763014, 47.426107264939667 ], [ -122.285368160360946, 47.426144405397402 ], [ -122.285239104715998, 47.426213417075303 ], [ -122.285219982898113, 47.426224150317687 ], [ -122.285208857030895, 47.426230396540426 ], [ -122.285142338372196, 47.426267801555667 ], [ -122.28513222187128, 47.426273496888236 ], [ -122.285129249872497, 47.426275166808807 ], [ -122.285050900566489, 47.426319364065108 ], [ -122.285049651453207, 47.426320065549987 ], [ -122.285014416554759, 47.426337283731471 ], [ -122.284977696945404, 47.426351054502369 ], [ -122.284939829006788, 47.426361251711185 ], [ -122.284864711163522, 47.426376927151914 ], [ -122.284810763836177, 47.426386704566383 ], [ -122.284775834891221, 47.426390453471178 ], [ -122.284740708506916, 47.426389981656115 ], [ -122.2847125807982, 47.426389787831575 ], [ -122.284684679571896, 47.426393355342704 ], [ -122.284659743402372, 47.426400075847368 ], [ -122.284636053960085, 47.426410361179499 ], [ -122.284585560745114, 47.426435146318155 ], [ -122.284533559955975, 47.426456588934222 ], [ -122.284455457802721, 47.426482188602407 ], [ -122.284375513848246, 47.426501274028681 ], [ -122.284318965139036, 47.426510876569274 ], [ -122.284261990404076, 47.426517498115587 ], [ -122.284236854196394, 47.4265208508386 ], [ -122.284212110795735, 47.426526403658826 ], [ -122.284192264053786, 47.426532670509786 ], [ -122.28415239562861, 47.426543910566252 ], [ -122.284111425793625, 47.426550018169401 ], [ -122.284070012499257, 47.426550895234868 ], [ -122.284044149330967, 47.426549740004475 ], [ -122.283983189515808, 47.426545666475697 ], [ -122.283922386292502, 47.426539694814522 ], [ -122.283881438273568, 47.426536370190099 ], [ -122.28383121080725, 47.426535893665715 ], [ -122.283781104298697, 47.426539409806828 ], [ -122.283731435629321, 47.426546896376806 ], [ -122.283712153597918, 47.426550063108806 ], [ -122.283676514530043, 47.426553085422825 ], [ -122.283640751307885, 47.426552566305958 ], [ -122.28360521497649, 47.426548510853749 ], [ -122.283556636061846, 47.426541679033257 ], [ -122.283478787385107, 47.426535704616896 ], [ -122.283445397394033, 47.426534980161982 ], [ -122.283397983835258, 47.426535789830126 ], [ -122.28335241028725, 47.426538654014493 ], [ -122.28323663892975, 47.426549031456069 ], [ -122.283075340507509, 47.426565143766602 ], [ -122.283041090250592, 47.426568814821088 ], [ -122.282936954939586, 47.426577563348403 ], [ -122.282929079675284, 47.426577454826194 ], [ -122.282921325151193, 47.426576076812744 ], [ -122.282913894655749, 47.426573465433322 ], [ -122.282910785072275, 47.426571841294802 ], [ -122.282907853319628, 47.426569914597678 ], [ -122.282894024732371, 47.426562010155386 ], [ -122.28287912629817, 47.426556375735117 ], [ -122.282863527824901, 47.426553151194042 ], [ -122.282847616496753, 47.426552416571489 ], [ -122.282799713118777, 47.426554441602484 ], [ -122.282752021567561, 47.426559376206157 ], [ -122.28269379444977, 47.426569531168262 ], [ -122.282597781193758, 47.426587689687835 ], [ -122.282590985607399, 47.426588867754631 ], [ -122.282553388148884, 47.42659788995676 ], [ -122.282550765233779, 47.426598671943943 ], [ -122.282519781204542, 47.426609992246661 ], [ -122.282490230530016, 47.426624652292951 ], [ -122.282461199696101, 47.426638339077037 ], [ -122.282430507212567, 47.426647724642088 ], [ -122.282403963611102, 47.426652534520244 ], [ -122.282377071511263, 47.426654658825576 ], [ -122.282350977916707, 47.426655088542191 ], [ -122.282350186574988, 47.426655090558597 ], [ -122.28235012959334, 47.426655091286783 ], [ -122.282349851310912, 47.426655094843014 ], [ -122.282269001923282, 47.426651957483948 ], [ -122.282209380660063, 47.426645321444845 ], [ -122.282150294918992, 47.426634948053575 ], [ -122.28214889182928, 47.426629814897581 ], [ -122.282148209910176, 47.426627846826761 ], [ -122.282147284841059, 47.426625980663978 ], [ -122.282145263110536, 47.426623164778391 ], [ -122.282142864316569, 47.426620662300941 ], [ -122.282140136448859, 47.42661852329563 ], [ -122.282137134080529, 47.426616790554924 ], [ -122.282106430161051, 47.426602510463688 ], [ -122.282062162725012, 47.426587102794706 ], [ -122.282016513113405, 47.42657646723557 ], [ -122.281967962281186, 47.426564380740416 ], [ -122.281967883423576, 47.426564357458815 ], [ -122.281967526264978, 47.426564241476072 ], [ -122.281967318870599, 47.426564172158074 ], [ -122.281966931008952, 47.426564048471192 ], [ -122.281966503018523, 47.426563911803072 ], [ -122.281965871609188, 47.426563705766128 ], [ -122.2819658180792, 47.426563687558534 ], [ -122.281957807008965, 47.426560951683037 ], [ -122.281954415646936, 47.426559741873874 ], [ -122.281952775146578, 47.426559215879266 ], [ -122.281951241666235, 47.426558430799787 ], [ -122.281949855806232, 47.426557407421157 ], [ -122.281948654258528, 47.426556172838282 ], [ -122.28194766883523, 47.426554759737911 ], [ -122.281946925626329, 47.426553205533203 ], [ -122.281946444308986, 47.42655155137318 ], [ -122.281946237626528, 47.426549841053294 ], [ -122.281946192674042, 47.426547434271562 ], [ -122.281945733223552, 47.426545071323346 ], [ -122.281944873049994, 47.426542823052799 ], [ -122.281943637942419, 47.426540756865897 ], [ -122.28194166959139, 47.426538414517076 ], [ -122.281939411750614, 47.426536349775262 ], [ -122.28193690322135, 47.426534598123276 ], [ -122.281934187112967, 47.426533189663481 ], [ -122.2819201472076, 47.426527895338943 ], [ -122.281905504194683, 47.426524619520322 ], [ -122.28187612353284, 47.42651788897782 ], [ -122.281848110553824, 47.426506762590307 ], [ -122.28181926230107, 47.426490319479264 ], [ -122.281819192146031, 47.426490275395686 ], [ -122.28181712187606, 47.426488902072045 ], [ -122.281816339946388, 47.426488383098771 ], [ -122.281814977326036, 47.426487479319938 ], [ -122.281808475760087, 47.426482960943758 ], [ -122.281783614383698, 47.426467485013362 ], [ -122.281757051268301, 47.426455156454722 ], [ -122.281756965460929, 47.426455121567017 ], [ -122.281756864927345, 47.426455081469832 ], [ -122.281755766231868, 47.426454660100454 ], [ -122.281754447567877, 47.426454146183836 ], [ -122.28175369185233, 47.426453855372515 ], [ -122.281753246963774, 47.426453682935652 ], [ -122.281753169281984, 47.426453654241307 ], [ -122.281752891858076, 47.426453545335711 ], [ -122.281752593107015, 47.426453432204575 ], [ -122.28175184136694, 47.426453141342414 ], [ -122.28175165387546, 47.426453072669432 ], [ -122.281749305018593, 47.426452217471841 ], [ -122.281748865730052, 47.42645205575856 ], [ -122.281747600218665, 47.426451594239033 ], [ -122.281747548014067, 47.426451576014401 ], [ -122.281746768645391, 47.426451292701913 ], [ -122.281720156239729, 47.426443272529049 ], [ -122.281692929002716, 47.426437684964888 ], [ -122.281687311207563, 47.42643683104 ], [ -122.281688993834337, 47.426489466465554 ], [ -122.28169061366097, 47.426540172161587 ], [ -122.281826788464258, 47.430804278622645 ], [ -122.28184443509771, 47.430804464324979 ], [ -122.283358735670078, 47.430820423602711 ], [ -122.28343496497456, 47.4308212282235 ], [ -122.283449968678482, 47.430821386300856 ], [ -122.283469249117402, 47.430821589540109 ], [ -122.283490901969671, 47.430821817312342 ], [ -122.283540570367038, 47.430822339007555 ], [ -122.283578876646715, 47.430822743310515 ], [ -122.283626741543685, 47.430823246651677 ], [ -122.283997212619681, 47.430827146728284 ], [ -122.284036201864851, 47.430827558332581 ], [ -122.284038441677666, 47.430827581854999 ], [ -122.284110490961027, 47.430828337843089 ], [ -122.284153352515034, 47.430828791624471 ], [ -122.284155539242533, 47.430828813124918 ], [ -122.284231451609614, 47.430829613169244 ], [ -122.284683757565674, 47.430834371954994 ], [ -122.284686336870465, 47.430834399215861 ], [ -122.284813429472564, 47.430835736676244 ], [ -122.286934219680745, 47.430858030626474 ], [ -122.28695532878119, 47.430858249414676 ], [ -122.286956436098905, 47.430858261308458 ], [ -122.28697793652664, 47.43085848857001 ] ] ] ] } },
{ "type": "Feature", "properties": { "OBJECTID": 2550, "votdst": "3081", "NAME": "SET 33-3081", "SUM_VOTERS": 865, "Shape_Length": 13123.523840555305, "Shape_Area": 5241087.1232203729 }, "geometry": { "type": "MultiPolygon", "coordinates": [ [ [ [ -122.278705670953912, 47.451047901923992 ], [ -122.278786011831798, 47.451165221839084 ], [ -122.28118543785682, 47.451171451903186 ], [ -122.281194966230998, 47.451171474227529 ], [ -122.28282188884377, 47.451175669006304 ], [ -122.282943137668255, 47.451175979159565 ], [ -122.286231293243972, 47.451186515945317 ], [ -122.28635254033955, 47.451186901642217 ], [ -122.287645872229788, 47.45119101659855 ], [ -122.289058732577203, 47.451195497382827 ], [ -122.289179935587541, 47.451193584850984 ], [ -122.289328104190034, 47.451185429985678 ], [ -122.289475760437114, 47.451170662816295 ], [ -122.289622609390435, 47.451149312839753 ], [ -122.289768357724228, 47.451121422701895 ], [ -122.289889776816423, 47.451092869832479 ], [ -122.290009854247756, 47.451059116717275 ], [ -122.290128367407533, 47.451020225930947 ], [ -122.290245096585039, 47.450976269572841 ], [ -122.29035982537691, 47.45092732913335 ], [ -122.290476529302012, 47.450878107358989 ], [ -122.290601466302888, 47.450832295830963 ], [ -122.290728353760286, 47.450792201898274 ], [ -122.290856930165702, 47.450757908192458 ], [ -122.290857325358402, 47.450757812255468 ], [ -122.290987026259771, 47.450729254216675 ], [ -122.291117765071391, 47.450705903659184 ], [ -122.291249332800135, 47.450687797910135 ], [ -122.291381519127853, 47.45067496591254 ], [ -122.291514112747493, 47.450667428179059 ], [ -122.291646901700958, 47.450665196759168 ], [ -122.291884862128626, 47.450661364687221 ], [ -122.291893852583101, 47.450661218506113 ], [ -122.291893846407021, 47.450663180609467 ], [ -122.29257451237622, 47.450660711471677 ], [ -122.293878918337185, 47.450656909496068 ], [ -122.293882886118112, 47.450656897992992 ], [ -122.295072017345376, 47.45065490645927 ], [ -122.296006616997687, 47.450653333797014 ], [ -122.296023833593082, 47.450588428823814 ], [ -122.296040769705542, 47.450523502275338 ], [ -122.296057381929074, 47.450458519627126 ], [ -122.296073673999985, 47.450393519513845 ], [ -122.296089634204662, 47.450328462504338 ], [ -122.296105272101741, 47.450263358371139 ], [ -122.296120585151627, 47.450198258424258 ], [ -122.296135617438011, 47.450133079332261 ], [ -122.296150281129925, 47.450067904991009 ], [ -122.296164660864704, 47.450002679433659 ], [ -122.296178722955318, 47.449937430982366 ], [ -122.296192453364355, 47.449872131930682 ], [ -122.296205862910497, 47.449806837014719 ], [ -122.296218950057522, 47.449741491378987 ], [ -122.296231709503743, 47.449676095091917 ], [ -122.29624414146204, 47.449610703026437 ], [ -122.296256257729056, 47.449545262853796 ], [ -122.296268086131249, 47.449479820994355 ], [ -122.296279549792501, 47.449414331660634 ], [ -122.296290730264047, 47.449348818090066 ], [ -122.29629602393679, 47.449317049740372 ], [ -122.296305182283149, 47.449255760676486 ], [ -122.296314013079154, 47.449194473137347 ], [ -122.29632256126412, 47.449133134366576 ], [ -122.296330744856249, 47.449071800297183 ], [ -122.296338605523744, 47.449010443403871 ], [ -122.296346145893878, 47.448949062753265 ], [ -122.296353392482033, 47.448887658003443 ], [ -122.296355512609708, 47.44886876336399 ], [ -122.296356601472468, 47.44885906603399 ], [ -122.296356718782576, 47.448857999395464 ], [ -122.296356764873977, 47.448857609274526 ], [ -122.296360283056373, 47.448826232655875 ], [ -122.296366888511002, 47.448764808286327 ], [ -122.296373128623799, 47.448703361640334 ], [ -122.296379088241338, 47.448641891623602 ], [ -122.296384679348876, 47.448580428158614 ], [ -122.296389989862504, 47.448518937725936 ], [ -122.296394976161068, 47.448457425386216 ], [ -122.296399597905136, 47.448395918647762 ], [ -122.29640393645758, 47.448334386774484 ], [ -122.2964079515545, 47.448272859972533 ], [ -122.296411602619571, 47.44821130997812 ], [ -122.296414759247583, 47.448153742589589 ], [ -122.296418095279833, 47.448099737099284 ], [ -122.296421109212304, 47.448045737562531 ], [ -122.296423799594166, 47.447991739500175 ], [ -122.296426165796319, 47.447937720430247 ], [ -122.296428208449939, 47.447883702834709 ], [ -122.296429928276794, 47.447829665113844 ], [ -122.296431323231303, 47.447775628884472 ], [ -122.296432392089784, 47.447721597760832 ], [ -122.296433145433497, 47.447667570706862 ], [ -122.296433570576028, 47.447613520898166 ], [ -122.296433672251595, 47.447559475261706 ], [ -122.296433449135634, 47.447505433814683 ], [ -122.296432906531834, 47.447451396488518 ], [ -122.296432039113199, 47.447397362452463 ], [ -122.296430845605599, 47.447343333522134 ], [ -122.296429331287442, 47.447289308729822 ], [ -122.296427496159708, 47.447235288075483 ], [ -122.29642533406377, 47.44718124105232 ], [ -122.296422848115924, 47.447127231491507 ], [ -122.296420042611615, 47.447073223353733 ], [ -122.296416913080961, 47.447019246383441 ], [ -122.296414500782021, 47.446980780048172 ], [ -122.296298719965279, 47.445271235703281 ], [ -122.294600951347178, 47.44526149042138 ], [ -122.29459886506028, 47.445261478615706 ], [ -122.292025933220302, 47.445246666087286 ], [ -122.291912957814631, 47.445246012939428 ], [ -122.291912963976031, 47.445244335109571 ], [ -122.291910538180048, 47.445244322222621 ], [ -122.29179168536389, 47.445243711246519 ], [ -122.289595685841149, 47.44523241754419 ], [ -122.289083740998237, 47.445229779867681 ], [ -122.289083734004407, 47.445230908052807 ], [ -122.28908340362149, 47.445312022708698 ], [ -122.28908015616949, 47.446097518327626 ], [ -122.28907982212101, 47.446178597048515 ], [ -122.289079472162982, 47.446262005931501 ], [ -122.289072791818171, 47.447850943876254 ], [ -122.289066108446789, 47.449440976732561 ], [ -122.289065761107878, 47.449523197220138 ], [ -122.287652404821785, 47.449518712667142 ], [ -122.28623787107712, 47.449514209397961 ], [ -122.282952659083051, 47.449503678815987 ], [ -122.282831414267633, 47.449503373169307 ], [ -122.281196848361148, 47.449499246162141 ], [ -122.281189992795049, 47.449499231109051 ], [ -122.277639029084796, 47.449490186767115 ], [ -122.278705670953912, 47.451047901923992 ] ] ] ] } },
{ "type": "Feature", "properties": { "OBJECTID": 2551, "votdst": "3100", "NAME": "SET 33-3100", "SUM_VOTERS": 566, "Shape_Length": 23756.552704408157, "Shape_Area": 14658553.828814996 }, "geometry": { "type": "MultiPolygon", "coordinates": [ [ [ [ -122.289457748398803, 47.470642408323414 ], [ -122.289534156429383, 47.471153306478897 ], [ -122.289545389163436, 47.471228427229029 ], [ -122.28959810496562, 47.471580879073819 ], [ -122.289599368316445, 47.471589349672165 ], [ -122.289716065641983, 47.472369604837105 ], [ -122.289727524100257, 47.472447041845449 ], [ -122.289745442301736, 47.472474367493589 ], [ -122.289745556256051, 47.472474552248002 ], [ -122.291882098115266, 47.472506522874944 ], [ -122.291883990899663, 47.472506550725448 ], [ -122.297142531852657, 47.472472244188857 ], [ -122.298450663598842, 47.472462975311693 ], [ -122.299833384299191, 47.47245316293305 ], [ -122.302402972125279, 47.472423498829919 ], [ -122.305023044773776, 47.472393280173641 ], [ -122.306152674586542, 47.472383321532526 ], [ -122.307656456714184, 47.472370047012518 ], [ -122.309218891252598, 47.472356503478309 ], [ -122.31231166073151, 47.472347347534701 ], [ -122.3127967995094, 47.472345902639624 ], [ -122.312918210868162, 47.472345539665298 ], [ -122.312917059216034, 47.472427787432395 ], [ -122.31289307143372, 47.474134921435422 ], [ -122.315402022702102, 47.474160647458397 ], [ -122.315451475225075, 47.473844822668603 ], [ -122.315489524421324, 47.473659161155332 ], [ -122.315548786792618, 47.473476074320573 ], [ -122.315628906339938, 47.473296675989765 ], [ -122.315729409498815, 47.473122050927309 ], [ -122.31576063930973, 47.4730782236038 ], [ -122.315849675150716, 47.472953273221307 ], [ -122.315988963805182, 47.472791359125004 ], [ -122.316146442321042, 47.472637296422654 ], [ -122.316968150706813, 47.471881042359641 ], [ -122.317327876827392, 47.471549961583293 ], [ -122.318023334794816, 47.470909870889422 ], [ -122.318190155121471, 47.47075649982704 ], [ -122.318197548047323, 47.4707497019402 ], [ -122.3184203079974, 47.470549047628872 ], [ -122.318855149419988, 47.470147794651993 ], [ -122.319333253140684, 47.469706209991884 ], [ -122.319843346962784, 47.46923506686656 ], [ -122.31984841996119, 47.469230397134979 ], [ -122.319872778355958, 47.469207993650265 ], [ -122.322356858729208, 47.466913192527933 ], [ -122.322994197477669, 47.466323994465263 ], [ -122.323110650785708, 47.466205336971029 ], [ -122.323196444130303, 47.466099614316548 ], [ -122.323269755154513, 47.465989676210206 ], [ -122.323320085467856, 47.465897051354069 ], [ -122.323374326584656, 47.465765080342628 ], [ -122.323427765766667, 47.465542834504596 ], [ -122.323435497438211, 47.465422427802515 ], [ -122.323435468613837, 47.465395775562818 ], [ -122.323435201526138, 47.465145649102411 ], [ -122.323434785621345, 47.464759774098503 ], [ -122.323434609332764, 47.464594168901641 ], [ -122.323433755184325, 47.463795807065182 ], [ -122.323433204309879, 47.463281635684247 ], [ -122.322921086525071, 47.463280979531895 ], [ -122.322494408095579, 47.463280428639727 ], [ -122.322390879669399, 47.463316208921405 ], [ -122.322253453273291, 47.463363705078628 ], [ -122.321944947379933, 47.463470326785604 ], [ -122.32187191004455, 47.463495569805957 ], [ -122.321835747426022, 47.463508861781165 ], [ -122.321799499457271, 47.463522743206113 ], [ -122.321763620599398, 47.463537055186315 ], [ -122.321730404812143, 47.463550832041911 ], [ -122.321729357280063, 47.463551266798049 ], [ -122.321728126277236, 47.463551780427295 ], [ -122.321692981199263, 47.463566937384378 ], [ -122.321658246998055, 47.463582500960207 ], [ -122.321623932878751, 47.463598468335526 ], [ -122.3216110031168, 47.463604713861081 ], [ -122.321609387004401, 47.463605492526113 ], [ -122.321590015253705, 47.463614849715803 ], [ -122.321556537190588, 47.463631620247163 ], [ -122.321523495018596, 47.463648790773334 ], [ -122.321490892330957, 47.463666347753588 ], [ -122.321465101669219, 47.463680744132326 ], [ -122.321464858839263, 47.463680881358208 ], [ -122.321458756821187, 47.463684285427405 ], [ -122.32142707793183, 47.463702605732863 ], [ -122.32139587777003, 47.463721293087133 ], [ -122.321365169673385, 47.463740350014518 ], [ -122.321334949484054, 47.463759770272738 ], [ -122.321317751590016, 47.463771210280314 ], [ -122.321305239283831, 47.463779537379629 ], [ -122.3212760301234, 47.463799663147924 ], [ -122.32124735698649, 47.463820118331775 ], [ -122.321219207202205, 47.463840923788794 ], [ -122.321191602339553, 47.463862045051449 ], [ -122.321164553443353, 47.463883497268661 ], [ -122.321142025017053, 47.463902000674551 ], [ -122.321138039091295, 47.463905273524844 ], [ -122.3211120985533, 47.463927355313388 ], [ -122.321086731598939, 47.463949734541259 ], [ -122.321061951643273, 47.4639724164306 ], [ -122.321037744989795, 47.46399538586811 ], [ -122.321014144637388, 47.46401863702382 ], [ -122.321003522113358, 47.464029505885101 ], [ -122.320991141201233, 47.4640421664228 ], [ -122.320968747660686, 47.464065963999559 ], [ -122.320946969141119, 47.464090023390057 ], [ -122.320925810844926, 47.464114340927985 ], [ -122.320905282766034, 47.464138894892201 ], [ -122.320885401049026, 47.464163693167833 ], [ -122.320874585564411, 47.464177753646091 ], [ -122.320866151972126, 47.464188719742282 ], [ -122.320847543697624, 47.464213981705612 ], [ -122.320829591293375, 47.464239449173711 ], [ -122.320812304171, 47.464265126521482 ], [ -122.320795674272134, 47.464291010256581 ], [ -122.320779714371483, 47.464317083119298 ], [ -122.320771970780541, 47.464330383634021 ], [ -122.320764426968282, 47.464343339679459 ], [ -122.320749822518366, 47.464369774402762 ], [ -122.320735891586168, 47.464396382015465 ], [ -122.320722656126605, 47.464423141539143 ], [ -122.320710108389193, 47.464450060272505 ], [ -122.320698251840483, 47.464477120178216 ], [ -122.320686950709586, 47.464504677480583 ], [ -122.320536263246751, 47.464884887022777 ], [ -122.320437945900565, 47.465132949829972 ], [ -122.320196356237062, 47.46574250527609 ], [ -122.320189534228234, 47.465759714149485 ], [ -122.320121056075791, 47.465932485441385 ], [ -122.320107872124979, 47.4659642433149 ], [ -122.320097155466854, 47.465988171083517 ], [ -122.320085888976337, 47.466011845169639 ], [ -122.320074008453005, 47.466035386961309 ], [ -122.320061521340676, 47.466058778368691 ], [ -122.320048443680335, 47.466082023679419 ], [ -122.32003475527172, 47.466105112362733 ], [ -122.320020487403539, 47.466128025116667 ], [ -122.320016281032977, 47.466134464723375 ], [ -122.320005629773505, 47.466150772871309 ], [ -122.319990183297136, 47.466173341220767 ], [ -122.319974167661101, 47.466195722709926 ], [ -122.319957569526437, 47.466217914814621 ], [ -122.319940404396448, 47.466239902937637 ], [ -122.319922682649263, 47.46626167884645 ], [ -122.319904394008205, 47.466283254370197 ], [ -122.319885556219091, 47.466304600488819 ], [ -122.319866178641348, 47.46632571977819 ], [ -122.319846252017157, 47.466346613258942 ], [ -122.319825793150557, 47.466367265417354 ], [ -122.319804805891579, 47.466387671704709 ], [ -122.319783294167067, 47.466407830270001 ], [ -122.319761269348518, 47.466427721172714 ], [ -122.319738743704093, 47.466447355946656 ], [ -122.319715704888281, 47.466466720359584 ], [ -122.319692172690736, 47.46648581055355 ], [ -122.319668154812078, 47.466504617431362 ], [ -122.319643656454204, 47.466523137326085 ], [ -122.319618678840811, 47.466541366623019 ], [ -122.319593241505544, 47.46655929247148 ], [ -122.319567360285305, 47.466576911964957 ], [ -122.31954101674205, 47.466594229842663 ], [ -122.319514222631895, 47.46661123965302 ], [ -122.319486994605711, 47.466627920486793 ], [ -122.319459360487443, 47.466644271079574 ], [ -122.319431301941435, 47.466660299767746 ], [ -122.319402831870889, 47.466675993787476 ], [ -122.319373956778691, 47.466691348555322 ], [ -122.319344700279771, 47.466706354765627 ], [ -122.319315057223477, 47.466721017883209 ], [ -122.319285044363468, 47.466735320595909 ], [ -122.319254677818947, 47.466749269889135 ], [ -122.319223936320441, 47.466762864241936 ], [ -122.319192853887515, 47.466776087015717 ], [ -122.319161442558453, 47.466788941650933 ], [ -122.319129703403704, 47.46680141913729 ], [ -122.319097648461707, 47.466813522915253 ], [ -122.319065285408229, 47.466825242988492 ], [ -122.319032631458185, 47.466836578231707 ], [ -122.318999680007053, 47.466847529630705 ], [ -122.318966458546143, 47.4668580842309 ], [ -122.318932971157182, 47.466868245576975 ], [ -122.318899221716634, 47.466878010019641 ], [ -122.318865231290303, 47.4668873718852 ], [ -122.318830997303195, 47.466896333905957 ], [ -122.318796553775456, 47.466904879443469 ], [ -122.3187618932117, 47.46691302478856 ], [ -122.318734777632145, 47.466919036452573 ], [ -122.318727006073416, 47.466920761069886 ], [ -122.318691946452475, 47.466928077683491 ], [ -122.318656699838698, 47.466934977518036 ], [ -122.318621275567097, 47.466941462250311 ], [ -122.31858569075068, 47.466947527158219 ], [ -122.318549954596648, 47.46695316942224 ], [ -122.318520965011714, 47.466957384762686 ], [ -122.318514082917446, 47.466958385236879 ], [ -122.318478093056342, 47.466963177973462 ], [ -122.31844196376997, 47.466967547010277 ], [ -122.318405737240639, 47.466971482799181 ], [ -122.318369420304691, 47.466974992447369 ], [ -122.318340883448755, 47.466977402607526 ], [ -122.31833301140658, 47.466978067878735 ], [ -122.318296521463566, 47.4669807197456 ], [ -122.318259973835694, 47.466982929750074 ], [ -122.31822339678294, 47.466984711916005 ], [ -122.318210874304583, 47.466985173548693 ], [ -122.318203114793434, 47.466985457705206 ], [ -122.318186750316386, 47.466986059569848 ], [ -122.318150092839517, 47.466986973746458 ], [ -122.318113405761238, 47.466987453789599 ], [ -122.31808301837394, 47.466987492451331 ], [ -122.318076646568414, 47.46698749755663 ], [ -122.318040039640053, 47.466987111107741 ], [ -122.318003368581543, 47.466986289177939 ], [ -122.317967280081447, 47.466985052993302 ], [ -122.316412841487093, 47.466922739271126 ], [ -122.316412513694118, 47.466922735458809 ], [ -122.313097186685667, 47.466789749812847 ], [ -122.313056659029428, 47.466788122855654 ], [ -122.312975936641649, 47.466785287370406 ], [ -122.312970317943069, 47.466785088954538 ], [ -122.312854692381251, 47.466781028033644 ], [ -122.312849069705024, 47.466780829663641 ], [ -122.312663944435599, 47.466774323662264 ], [ -122.31231310390713, 47.466766398719713 ], [ -122.311961498837476, 47.466762621730339 ], [ -122.31165530386086, 47.466761139795011 ], [ -122.310327516924431, 47.466754712996625 ], [ -122.310313685970655, 47.466754644730024 ], [ -122.309026906458882, 47.466748400338261 ], [ -122.307707074514255, 47.466741980675586 ], [ -122.307696487715361, 47.466741929312604 ], [ -122.307632718802765, 47.466741619839709 ], [ -122.307588718683022, 47.466741088582381 ], [ -122.307551929562607, 47.466740157761109 ], [ -122.307515294196421, 47.4667387994186 ], [ -122.307478699556484, 47.4667370042282 ], [ -122.30744215518105, 47.466734781062065 ], [ -122.307405680785607, 47.466732123366867 ], [ -122.307369271193352, 47.466729035708063 ], [ -122.307332940916751, 47.466725515198299 ], [ -122.307296715230123, 47.466721564208221 ], [ -122.30726059561286, 47.466717188116327 ], [ -122.307224596551947, 47.466712383136148 ], [ -122.307188723479982, 47.466707153695275 ], [ -122.307152988358681, 47.466701500538058 ], [ -122.30711740585275, 47.466695426173018 ], [ -122.307081986547061, 47.466688929563212 ], [ -122.30704674520787, 47.466682016814218 ], [ -122.307011685814487, 47.46667468787458 ], [ -122.306976809744612, 47.466666944525826 ], [ -122.306942143598448, 47.466658789121389 ], [ -122.306907700816168, 47.466650227784228 ], [ -122.30687347066204, 47.466641256155953 ], [ -122.30683947580863, 47.466631878440317 ], [ -122.306805739029883, 47.466622102438322 ], [ -122.306772265834098, 47.466611935275402 ], [ -122.30673904400723, 47.466601367214878 ], [ -122.306706096373887, 47.466590407856124 ], [ -122.306673449584835, 47.466579061351439 ], [ -122.306641090455201, 47.466567330571088 ], [ -122.306609040203938, 47.466555215239801 ], [ -122.306577300437127, 47.4665427252326 ], [ -122.306545894949878, 47.466529857542064 ], [ -122.306514824098088, 47.466516624758263 ], [ -122.306484106422957, 47.466503025741162 ], [ -122.306453732870324, 47.466489068705009 ], [ -122.306423729912765, 47.466474751507256 ], [ -122.306394088394569, 47.46646007876501 ], [ -122.306364837669179, 47.466445056394761 ], [ -122.306335972660648, 47.466429692559139 ], [ -122.306321522004069, 47.466421719853088 ], [ -122.306307524048492, 47.46641399315736 ], [ -122.306279465208277, 47.466397954937015 ], [ -122.306251825518729, 47.466381584713787 ], [ -122.306224618647562, 47.466364896704228 ], [ -122.306197847069569, 47.466347884579349 ], [ -122.306171515169396, 47.466330562676113 ], [ -122.306145621519391, 47.466312927414982 ], [ -122.30612019274416, 47.466294982049149 ], [ -122.30609524013822, 47.466276750721534 ], [ -122.306070748809262, 47.466258222830525 ], [ -122.306046744233242, 47.46623940794138 ], [ -122.306023221206985, 47.466220309720377 ], [ -122.306000194495667, 47.466200934273353 ], [ -122.305977677868228, 47.466181299414011 ], [ -122.305955660182178, 47.466161386395591 ], [ -122.305934166196323, 47.466141226383094 ], [ -122.305913501368281, 47.466121113181082 ], [ -122.305717952134401, 47.465927206486228 ], [ -122.305536840871113, 47.465747647019867 ], [ -122.305482599579747, 47.465693869961413 ], [ -122.305482234355964, 47.465693526553842 ], [ -122.305481092200424, 47.465692447456085 ], [ -122.305480112422188, 47.465691528180038 ], [ -122.305478928217738, 47.465690416342518 ], [ -122.305477744013288, 47.465689304504998 ], [ -122.30547688020448, 47.465688498873369 ], [ -122.305475456257028, 47.465687165245718 ], [ -122.305474386797314, 47.465686170666956 ], [ -122.305473433205449, 47.465685286135574 ], [ -122.305472088508353, 47.465684034243097 ], [ -122.305471133666501, 47.465683152426706 ], [ -122.305469937679419, 47.465682046139634 ], [ -122.305468713006235, 47.465680910537792 ], [ -122.305467870180721, 47.465680143316753 ], [ -122.305466550419936, 47.465678928883946 ], [ -122.305465350530667, 47.465677825346219 ], [ -122.305464352415484, 47.465676914404341 ], [ -122.305463061442481, 47.465675732883305 ], [ -122.305462154538063, 47.465674904421036 ], [ -122.305460859637478, 47.465673724750133 ], [ -122.305459739100101, 47.465672706544638 ], [ -122.305458647274307, 47.465671718553097 ], [ -122.305457435653139, 47.465670622364321 ], [ -122.305456341175145, 47.46566963440717 ], [ -122.30545521678637, 47.465668620749611 ], [ -122.305454001263044, 47.465667527310181 ], [ -122.305452872896012, 47.465666513704221 ], [ -122.305452486403652, 47.465666168773268 ], [ -122.305451386595863, 47.465665179985642 ], [ -122.305450640844342, 47.465664514959315 ], [ -122.305449450079706, 47.465663452684716 ], [ -122.305448317886587, 47.465662444525925 ], [ -122.305447123143608, 47.46566138230294 ], [ -122.305445982968436, 47.465660373348072 ], [ -122.305444846847848, 47.465659367039422 ], [ -122.305443648126555, 47.465658304868001 ], [ -122.305442508052991, 47.465657299510227 ], [ -122.30544127549345, 47.465656213488515 ], [ -122.305440249986844, 47.465655319094587 ], [ -122.305438924915904, 47.465654151509675 ], [ -122.305437900735498, 47.46565325709858 ], [ -122.305436752781461, 47.46565225454178 ], [ -122.305435422583727, 47.465651093320545 ], [ -122.305434394425049, 47.465650198961015 ], [ -122.305433150108172, 47.465649119388985 ], [ -122.305432026836584, 47.465648145299156 ], [ -122.305430871052778, 47.465647147341876 ], [ -122.305429716671327, 47.465646152065226 ], [ -122.305428404474739, 47.46564501759844 ], [ -122.305427339952502, 47.465644103919324 ], [ -122.305425992591523, 47.465642945619479 ], [ -122.305425046589178, 47.465642141953374 ], [ -122.305423701905895, 47.465640984518387 ], [ -122.305422630930693, 47.465640077220172 ], [ -122.305421215614004, 47.465638861327726 ], [ -122.305420238501739, 47.465638036474743 ], [ -122.305419003004886, 47.465636987374609 ], [ -122.305417740325623, 47.46563591523747 ], [ -122.305416666774519, 47.465635010671356 ], [ -122.305415428726974, 47.465633965202713 ], [ -122.305414256059208, 47.465632980058714 ], [ -122.305413109273104, 47.465632018868213 ], [ -122.305411837463382, 47.465630952247025 ], [ -122.305410666172634, 47.465629968884365 ], [ -122.305409394439124, 47.46562890496098 ], [ -122.305408243674776, 47.465627943822049 ], [ -122.305407185574069, 47.465627069641933 ], [ -122.305405783360314, 47.465625894961029 ], [ -122.30540475644581, 47.465625044665565 ], [ -122.305403472853413, 47.465623983594774 ], [ -122.30540238501969, 47.465623090009082 ], [ -122.305400907147174, 47.465621866831555 ], [ -122.305399817987436, 47.465620973263071 ], [ -122.305398558976066, 47.465619937062151 ], [ -122.305397491643419, 47.465619064800912 ], [ -122.30539608062918, 47.465617907326525 ], [ -122.305394912853927, 47.465616954504526 ], [ -122.305393944891705, 47.46561617181392 ], [ -122.305392527221585, 47.465615013526197 ], [ -122.305391477763166, 47.465614163523064 ], [ -122.30538995574814, 47.46561292742404 ], [ -122.305388883288813, 47.465612061526421 ], [ -122.305387584087896, 47.465611011453184 ], [ -122.305386404529941, 47.465610064181561 ], [ -122.30538520322105, 47.465609098300511 ], [ -122.305384022336995, 47.465608151046091 ], [ -122.305382594388021, 47.465607004586424 ], [ -122.305381618621624, 47.465606227394559 ], [ -122.305380103922687, 47.465605015489707 ], [ -122.305379021006871, 47.465604155125305 ], [ -122.305377707371079, 47.465603110636792 ], [ -122.305376625781449, 47.465602250255174 ], [ -122.305375186049801, 47.465601109345833 ], [ -122.305374119580506, 47.465600267659653 ], [ -122.305372903988982, 47.465599312758982 ], [ -122.305371464333618, 47.465598174547438 ], [ -122.305370393886079, 47.465597332912857 ], [ -122.305368946324734, 47.46559619660303 ], [ -122.305367961453328, 47.465595425826393 ], [ -122.305366655184415, 47.465594407330642 ], [ -122.305365203695558, 47.465593272870969 ], [ -122.305364232542274, 47.46559251810914 ], [ -122.305362777201978, 47.465591388197396 ], [ -122.305361677351385, 47.465590538847707 ], [ -122.305360243609897, 47.465589422149783 ], [ -122.30535913978099, 47.465588572851694 ], [ -122.305357803982233, 47.465587542144519 ], [ -122.305356576735178, 47.465586597290489 ], [ -122.305355361803905, 47.465585665770689 ], [ -122.305354020802255, 47.465584638729375 ], [ -122.305352683753625, 47.465583610737156 ], [ -122.305351576098744, 47.465582766886257 ], [ -122.305350231194936, 47.465581742594253 ], [ -122.305348997495031, 47.465580804121068 ], [ -122.305347671537731, 47.465579793077374 ], [ -122.305346431156494, 47.465578852891596 ], [ -122.305345315697267, 47.46557801453951 ], [ -122.30534373359545, 47.465576811604976 ], [ -122.305342741529017, 47.465576067909524 ], [ -122.305341250536287, 47.465574943857604 ], [ -122.305340162259483, 47.465574128542443 ], [ -122.305338790706486, 47.465573100098084 ], [ -122.305337557489082, 47.465572178710943 ], [ -122.305336310756601, 47.465571248503089 ], [ -122.305334951570302, 47.465570235191478 ], [ -122.305333714450668, 47.465569316553733 ], [ -122.305332353938326, 47.465568303259253 ], [ -122.305331226620439, 47.465567467759669 ], [ -122.305329734834743, 47.465566362609522 ], [ -122.305328496465265, 47.46556544668676 ], [ -122.305327365321304, 47.465564616634353 ], [ -122.305325994352316, 47.465563608873062 ], [ -122.305324623383427, 47.465562601111806 ], [ -122.305323363643765, 47.465561680068568 ], [ -122.305322000860073, 47.465560680297479 ], [ -122.305320853650457, 47.465559845055807 ], [ -122.305319491019105, 47.46555885068036 ], [ -122.305318223322814, 47.465557929740264 ], [ -122.305316844549637, 47.465556927477742 ], [ -122.305315705677529, 47.465556105621872 ], [ -122.305314323027488, 47.465555107008051 ], [ -122.305312940352152, 47.465554107494917 ], [ -122.305311680993427, 47.465553199940636 ], [ -122.305310408195822, 47.465552286263474 ], [ -122.305309022969809, 47.465551290381761 ], [ -122.305307756955187, 47.465550382014186 ], [ -122.305306363772516, 47.465549386235658 ], [ -122.305305210237108, 47.46554856187111 ], [ -122.305303947280777, 47.465547667857464 ], [ -122.305302421448047, 47.465546578441874 ], [ -122.305301277626967, 47.465545769244486 ], [ -122.305299755975668, 47.465544686971462 ], [ -122.305298600016556, 47.46554387073472 ], [ -122.305297325049153, 47.465542974177993 ], [ -122.305295922812206, 47.465541986613218 ], [ -122.305294395958057, 47.465540908006027 ], [ -122.305293489233676, 47.465540273854039 ], [ -122.305292073760938, 47.465539287360528 ], [ -122.305290547185962, 47.465538218645285 ], [ -122.305289258881402, 47.465537319562678 ], [ -122.305287976033625, 47.465536425806818 ], [ -122.305286685152964, 47.465535529456439 ], [ -122.305285276539436, 47.465534550970276 ], [ -122.305283985658875, 47.465533654619811 ], [ -122.305282690876055, 47.465532761018785 ], [ -122.30528140022389, 47.465531872761744 ], [ -122.305279981052195, 47.465530896211696 ], [ -122.305278563232122, 47.465529920543702 ], [ -122.305277387660738, 47.465529114456764 ], [ -122.305275965913069, 47.46552814063886 ], [ -122.305274542813905, 47.465527165938887 ], [ -122.305273367369495, 47.465526364348271 ], [ -122.305271941719667, 47.465525393279741 ], [ -122.305270635230357, 47.46552450792683 ], [ -122.305269212385113, 47.465523542219508 ], [ -122.305267901917489, 47.46552265691821 ], [ -122.305266592852163, 47.465521774297457 ], [ -122.305265287892126, 47.465520896121504 ], [ -122.305263602703576, 47.465519753896842 ], [ -122.305262671062479, 47.465519129963489 ], [ -122.305261109291891, 47.465518083294803 ], [ -122.30525979369763, 47.465517204357148 ], [ -122.305258483458616, 47.465516327149167 ], [ -122.305257040797912, 47.465515364397532 ], [ -122.305255726580654, 47.46551448724113 ], [ -122.3052544085118, 47.465513614632641 ], [ -122.305252965952775, 47.465512655478072 ], [ -122.305251766942973, 47.465511864988159 ], [ -122.305250190762948, 47.465510824803459 ], [ -122.30524887404583, 47.465509953077017 ], [ -122.305247552049593, 47.465509082318626 ], [ -122.305246224723518, 47.465508210729773 ], [ -122.305244774410838, 47.465507258872456 ], [ -122.305243448512456, 47.465506390863446 ], [ -122.305242117284138, 47.465505522023982 ], [ -122.305240787483513, 47.465504656764381 ], [ -122.305239329290416, 47.465503707708024 ], [ -122.305237871097304, 47.465502758651688 ], [ -122.305236664435625, 47.4655019790561 ], [ -122.305235202340285, 47.465501032749117 ], [ -122.305233740245072, 47.465500086442127 ], [ -122.305232529681149, 47.465499309595891 ], [ -122.305231061031449, 47.465498366072701 ], [ -122.305229595034092, 47.465497422515128 ], [ -122.305228254700936, 47.465496560090756 ], [ -122.305226915846163, 47.465495703044859 ], [ -122.305225571788313, 47.465494849664843 ], [ -122.305224223523851, 47.465493988242947 ], [ -122.305222625409527, 47.46549296993286 ], [ -122.305221402986817, 47.465492195939127 ], [ -122.305219933315811, 47.465491263224251 ], [ -122.305218582602166, 47.465490409030927 ], [ -122.305217360331852, 47.465489640432772 ], [ -122.305215620665408, 47.465488542095002 ], [ -122.30521439972128, 47.465487773479623 ], [ -122.305213054540658, 47.465486927310849 ], [ -122.305211695946596, 47.465486075918399 ], [ -122.305210074063808, 47.465485061514869 ], [ -122.30520885597501, 47.465484300059238 ], [ -122.30520736110789, 47.465483367671041 ], [ -122.305206002742324, 47.465482524372 ], [ -122.305204647105143, 47.465481683736357 ], [ -122.305203146984383, 47.465480753215438 ], [ -122.305201784716601, 47.465479912665764 ], [ -122.305200426503347, 47.465479074762285 ], [ -122.305198921154329, 47.465478147007957 ], [ -122.305197694011298, 47.465477393766079 ], [ -122.305196060472866, 47.465476389409126 ], [ -122.305194697006016, 47.465475553372954 ], [ -122.305193324129462, 47.465474712960805 ], [ -122.305191956785819, 47.465473880573278 ], [ -122.305190444907851, 47.465472956501927 ], [ -122.305188950675557, 47.465472046595266 ], [ -122.305187831906338, 47.465471372911729 ], [ -122.305186198748842, 47.465470382043733 ], [ -122.305184816741829, 47.465469547147478 ], [ -122.305183305193893, 47.465468634766623 ], [ -122.305181935350475, 47.465467807808992 ], [ -122.305180687116575, 47.465467059338536 ], [ -122.305179033991223, 47.465466066030594 ], [ -122.305177660245633, 47.465465241822407 ], [ -122.305176130056012, 47.465464326984382 ], [ -122.30517503171184, 47.46546367192736 ], [ -122.305173374811218, 47.465462685865177 ], [ -122.30517197974622, 47.465461858335026 ], [ -122.305170475285948, 47.465460962054841 ], [ -122.305169200428338, 47.465460210331159 ], [ -122.305167674597882, 47.465459308930527 ], [ -122.305166289196478, 47.465458494768974 ], [ -122.305164763391531, 47.465457594267576 ], [ -122.305163361823006, 47.465456771319666 ], [ -122.30516185228683, 47.465455883201656 ], [ -122.305160569548718, 47.465455134278919 ], [ -122.305159054885678, 47.465454252524538 ], [ -122.305157506333785, 47.465453345121283 ], [ -122.30515611708114, 47.465452535507559 ], [ -122.305154865630598, 47.465451814066554 ], [ -122.305153174276654, 47.46545082935058 ], [ -122.305151775741209, 47.465450019857215 ], [ -122.305150382637223, 47.465449214791377 ], [ -122.305148825056321, 47.465448316501146 ], [ -122.305147571004468, 47.465447596893007 ], [ -122.305145886636581, 47.46544662468073 ], [ -122.305144488329631, 47.465445823280731 ], [ -122.305143334288715, 47.465445168945855 ], [ -122.305141517981539, 47.465444128275912 ], [ -122.305140239856584, 47.465443401783169 ], [ -122.305138714965594, 47.465442533655249 ], [ -122.305137268284071, 47.46544171039254 ], [ -122.305135735461818, 47.465440843267082 ], [ -122.305134453485437, 47.465440121322167 ], [ -122.305132900492239, 47.465439244562695 ], [ -122.30513134749917, 47.465438367803159 ], [ -122.30512991721335, 47.465437561420153 ], [ -122.305128508602266, 47.465436770948777 ], [ -122.305126950380838, 47.46543589695581 ], [ -122.305125660549379, 47.465435178711154 ], [ -122.305124099802654, 47.465434309248913 ], [ -122.305122538979901, 47.465433437088805 ], [ -122.305121249224641, 47.46543272154188 ], [ -122.305119560440971, 47.465431780872592 ], [ -122.305118122503089, 47.465430985383861 ], [ -122.305116824791213, 47.465430269940128 ], [ -122.305115256214819, 47.465429405077323 ], [ -122.305113834647173, 47.465428625569089 ], [ -122.30511211778682, 47.465427677167405 ], [ -122.305110820151114, 47.465426964421397 ], [ -122.305109394681367, 47.465426187662544 ], [ -122.305107822304393, 47.465425329146143 ], [ -122.305106247199049, 47.465424467966287 ], [ -122.305104947114231, 47.465423762448793 ], [ -122.305103370758985, 47.465422903983928 ], [ -122.305101917060242, 47.465422114097102 ], [ -122.305100483786148, 47.465421342836976 ], [ -122.305098903579477, 47.465420488919982 ], [ -122.3050973220721, 47.465419635919496 ], [ -122.305096016682995, 47.46541893047069 ], [ -122.305094431248037, 47.465418079320301 ], [ -122.305092996800241, 47.465417313472877 ], [ -122.305091532721022, 47.465416531816963 ], [ -122.30508982340514, 47.465415615702746 ], [ -122.305088479228672, 47.465414899062111 ], [ -122.305086916946948, 47.465414069201756 ], [ -122.305085605181091, 47.465413372831591 ], [ -122.305083861107036, 47.465412447272477 ], [ -122.305082420104952, 47.465411684208775 ], [ -122.305081101835427, 47.465410992420864 ], [ -122.305079506045516, 47.465410150400636 ], [ -122.305077908980337, 47.465409310196073 ], [ -122.305076431792429, 47.465408534107553 ], [ -122.305074744608319, 47.465407650091727 ], [ -122.305073513932498, 47.465407006645748 ], [ -122.305072065253, 47.465406253577115 ], [ -122.305070460383376, 47.465405418871285 ], [ -122.305068855513881, 47.465404584165441 ], [ -122.305067406834453, 47.465403831096737 ], [ -122.305065800715028, 47.465402999105876 ], [ -122.305064591917002, 47.465402378765702 ], [ -122.305062742216975, 47.465401423989761 ], [ -122.305061375852063, 47.465400720231059 ], [ -122.305059763178249, 47.465399891023935 ], [ -122.305058306745238, 47.465399145252469 ], [ -122.305056854442824, 47.465398404825031 ], [ -122.305055200227912, 47.465397560863373 ], [ -122.305053863697594, 47.465396880107264 ], [ -122.305052161107966, 47.465396014282959 ], [ -122.305050509596171, 47.465395172085373 ], [ -122.305049330734263, 47.465394578344814 ], [ -122.305047550214695, 47.465393677547141 ], [ -122.305046208506866, 47.465393001356063 ], [ -122.305044465727747, 47.465392121659271 ], [ -122.305043124096102, 47.465391448165995 ], [ -122.305041499868125, 47.465390632602499 ], [ -122.305039992839738, 47.465389880290218 ], [ -122.305038526127959, 47.465389146346645 ], [ -122.305036898023246, 47.465388334431779 ], [ -122.305035269893153, 47.465387521617579 ], [ -122.305034080600123, 47.465386934309358 ], [ -122.305032288450221, 47.465386044457475 ], [ -122.305030816637071, 47.465385317776814 ], [ -122.305029184680947, 47.46538451040977 ], [ -122.305027671225204, 47.465383765377503 ], [ -122.305026199488253, 47.465383041394553 ], [ -122.30502467805043, 47.465382295566187 ], [ -122.305022923818754, 47.465381433110039 ], [ -122.305021566578446, 47.465380770614203 ], [ -122.305020089689322, 47.465380052095625 ], [ -122.305018405557959, 47.465379229212282 ], [ -122.305016920712148, 47.465378510796853 ], [ -122.305016109540603, 47.465378112898328 ], [ -122.305015656446059, 47.465377899271999 ], [ -122.305013961832557, 47.465377081022545 ], [ -122.305012108402352, 47.465376182069555 ], [ -122.305010505284756, 47.465375409412673 ], [ -122.305009263918109, 47.46537481018516 ], [ -122.305007492726233, 47.465373957844335 ], [ -122.305006127859286, 47.465373307142059 ], [ -122.305004476519272, 47.465372518018093 ], [ -122.305002987898362, 47.465371806848268 ], [ -122.305001455007911, 47.465371078260581 ], [ -122.304999679990061, 47.465370231366883 ], [ -122.304998262770141, 47.465369558853403 ], [ -122.304996651975173, 47.465368796191555 ], [ -122.304995115207944, 47.465368071252435 ], [ -122.304993618782731, 47.465367365581308 ], [ -122.304991959689204, 47.465366583754573 ], [ -122.304990466093841, 47.46536588434391 ], [ -122.304988925399101, 47.465365161254901 ], [ -122.304987263729586, 47.46536438216026 ], [ -122.304985598081672, 47.465363603117211 ], [ -122.30498421885612, 47.465362960697306 ], [ -122.304982720108555, 47.465362266750965 ], [ -122.304981051960723, 47.465361493137891 ], [ -122.304979553238653, 47.465360800090828 ], [ -122.304977661935197, 47.465359922319266 ], [ -122.304976328635192, 47.465359308990486 ], [ -122.30497465658523, 47.465358538126736 ], [ -122.304973272309041, 47.465357904768219 ], [ -122.30497159633147, 47.465357135754545 ], [ -122.304970093758101, 47.465356447255282 ], [ -122.304968245829528, 47.465355602206337 ], [ -122.304967139968142, 47.465355103775551 ], [ -122.304964939876257, 47.465354095967868 ], [ -122.304963785665578, 47.465353576573669 ], [ -122.304962159617432, 47.46535283749882 ], [ -122.304959333661699, 47.465351558031855 ], [ -122.304844457333274, 47.465299549413061 ], [ -122.304701261314619, 47.465253254233268 ], [ -122.304524484732028, 47.46520718285678 ], [ -122.304486238771801, 47.465199474355529 ], [ -122.304352463150934, 47.465172503291413 ], [ -122.304342958413102, 47.465170588911292 ], [ -122.304179676587239, 47.465146868080744 ], [ -122.304157780158533, 47.465143688440897 ], [ -122.303970069061677, 47.465126653140089 ], [ -122.303780997878434, 47.465119582046775 ], [ -122.302423892121098, 47.465123673526207 ], [ -122.302423709915061, 47.465178927578002 ], [ -122.30242236293941, 47.465591107102021 ], [ -122.302421611410296, 47.465821071036963 ], [ -122.302419670572803, 47.4664136399497 ], [ -122.302417875201158, 47.466961854857082 ], [ -122.302417866817748, 47.466965562221404 ], [ -122.302417844932023, 47.466973690399882 ], [ -122.302417120121959, 47.4672394257299 ], [ -122.302416746746971, 47.467376662899618 ], [ -122.302412901482725, 47.46878409261349 ], [ -122.302412894471715, 47.468786199569934 ], [ -122.301095197570305, 47.468792083809774 ], [ -122.3004362336399, 47.468795022133939 ], [ -122.299817730241656, 47.468797775618128 ], [ -122.297140993589849, 47.468809654575196 ], [ -122.294606106280241, 47.468820849346393 ], [ -122.292168228699865, 47.468831558155863 ], [ -122.291869065573451, 47.468832869479748 ], [ -122.291867120878962, 47.468832878281837 ], [ -122.291867106677714, 47.468830044728449 ], [ -122.289184484348539, 47.468807894986377 ], [ -122.289457748398803, 47.470642408323414 ] ] ] ] } },
{ "type": "Feature", "properties": { "OBJECTID": 2552, "votdst": "3101", "NAME": "SET 33-3101", "SUM_VOTERS": 537, "Shape_Length": 11168.632957698564, "Shape_Area": 4722049.731268866 }, "geometry": { "type": "MultiPolygon", "coordinates": [ [ [ [ -122.29459886506028, 47.445261478615706 ], [ -122.294600951347178, 47.44526149042138 ], [ -122.296298719965279, 47.445271235703281 ], [ -122.295779961204005, 47.438091700297747 ], [ -122.295577640786803, 47.438091140632615 ], [ -122.295545273908829, 47.438091050564317 ], [ -122.295507744799892, 47.4380909451775 ], [ -122.295375564254982, 47.438090577462624 ], [ -122.295375328251055, 47.438090577806264 ], [ -122.295375303067686, 47.438090578130904 ], [ -122.294964339407755, 47.438089426033514 ], [ -122.294779872417138, 47.438088909232 ], [ -122.29468820583844, 47.438088653759252 ], [ -122.29462937684292, 47.438088488783656 ], [ -122.294627175655137, 47.438088482960701 ], [ -122.29455366899046, 47.438088279464409 ], [ -122.293546823624681, 47.438085483616739 ], [ -122.293492356023421, 47.43808533386548 ], [ -122.293488461543674, 47.438085324632304 ], [ -122.292279591142446, 47.438081936489347 ], [ -122.292279542101127, 47.438081937120202 ], [ -122.29203277393141, 47.438079030902905 ], [ -122.291899268443416, 47.438077458123168 ], [ -122.291859150213696, 47.438076985405694 ], [ -122.291835287771221, 47.438076703944958 ], [ -122.291202513486851, 47.4380692434029 ], [ -122.291200293166469, 47.438069217068616 ], [ -122.288149718986205, 47.438033207648793 ], [ -122.286935348738353, 47.438018850838951 ], [ -122.286935349214076, 47.438018867925187 ], [ -122.286873918295072, 47.439188389979179 ], [ -122.286845152341812, 47.439735982553515 ], [ -122.286840837536118, 47.439818176448377 ], [ -122.284769196167588, 47.439797125477085 ], [ -122.284166076492326, 47.439790991138352 ], [ -122.284161681078544, 47.439873585329252 ], [ -122.284139909357947, 47.440282549551583 ], [ -122.284126780622955, 47.440529119629382 ], [ -122.284118032140626, 47.440693503227664 ], [ -122.28409834456005, 47.441063307442683 ], [ -122.284093968247944, 47.441145499267392 ], [ -122.284089592621797, 47.441227716271882 ], [ -122.284072815135929, 47.441542788700453 ], [ -122.284070049404761, 47.44159476137316 ], [ -122.284069925405063, 47.44159712260052 ], [ -122.284622130772178, 47.44160189771241 ], [ -122.285411748376262, 47.441608347476858 ], [ -122.28674611059138, 47.441617702666456 ], [ -122.286746300292791, 47.441617705633163 ], [ -122.290758554481584, 47.441651874429539 ], [ -122.292095094245397, 47.441662714838891 ], [ -122.292096286602344, 47.441662724692065 ], [ -122.292096270953735, 47.441662971383209 ], [ -122.292095864694232, 47.441670925457551 ], [ -122.292072903304017, 47.442119586787491 ], [ -122.292060409470992, 47.442363685206729 ], [ -122.292050461369541, 47.442558047186481 ], [ -122.292029865844569, 47.442960475619927 ], [ -122.291939731574345, 47.444721363931308 ], [ -122.291930136121223, 47.444908825946918 ], [ -122.291920882870812, 47.445089601345941 ], [ -122.291912963976031, 47.445244335109571 ], [ -122.291912957814631, 47.445246012939428 ], [ -122.292025933220302, 47.445246666087286 ], [ -122.29459886506028, 47.445261478615706 ] ] ] ] } },
{ "type": "Feature", "properties": { "OBJECTID": 2553, "votdst": "3102", "NAME": "SET 33-3102", "SUM_VOTERS": 571, "Shape_Length": 9803.960371733956, "Shape_Area": 5333247.8463057801 }, "geometry": { "type": "MultiPolygon", "coordinates": [ [ [ [ -122.296658702527878, 47.484194684313167 ], [ -122.296972494475455, 47.484201964665814 ], [ -122.296972931359548, 47.484201974325799 ], [ -122.297150806232011, 47.484205976061844 ], [ -122.297709207223917, 47.484217816504767 ], [ -122.298380605796766, 47.484218906590428 ], [ -122.298509937218896, 47.484217854434014 ], [ -122.301893674486394, 47.484191582164769 ], [ -122.302198886679804, 47.484189205603307 ], [ -122.302211808097312, 47.48354474488368 ], [ -122.302217160397007, 47.483277833203296 ], [ -122.302217170717554, 47.483277398562343 ], [ -122.302217178460936, 47.483276966653548 ], [ -122.302232464411262, 47.482514558305702 ], [ -122.302235326231809, 47.482371841817077 ], [ -122.302248457178095, 47.481716852155387 ], [ -122.302251437311256, 47.48156820846274 ], [ -122.302253356506213, 47.481472510136406 ], [ -122.302255010049691, 47.481390233699734 ], [ -122.302289562174892, 47.479671385395527 ], [ -122.302305346000281, 47.478886207104978 ], [ -122.302319401313952, 47.478186825462721 ], [ -122.302325759324006, 47.477870753759035 ], [ -122.302361943779445, 47.476060901389147 ], [ -122.301981823243807, 47.47606464148317 ], [ -122.301481175137752, 47.47606956525199 ], [ -122.299864880333942, 47.47608544829987 ], [ -122.299148296908712, 47.476092481581091 ], [ -122.297518858226283, 47.476106452570583 ], [ -122.297121062688873, 47.476109885330047 ], [ -122.296257426910927, 47.476122737088438 ], [ -122.295813736878273, 47.476129337773571 ], [ -122.295813478768039, 47.476179721381712 ], [ -122.295812498495991, 47.476370053326995 ], [ -122.295811519865225, 47.476560491404506 ], [ -122.29581037102804, 47.476784238455522 ], [ -122.295808683065573, 47.477112669877428 ], [ -122.29580628888688, 47.477578875102658 ], [ -122.295804898592792, 47.477849058108518 ], [ -122.295804473225346, 47.477931341880399 ], [ -122.295504375933405, 47.477934378894354 ], [ -122.294683192677837, 47.477942863368234 ], [ -122.294416449121087, 47.477945617389942 ], [ -122.294156752159935, 47.477948298081586 ], [ -122.293819812949252, 47.477951776030082 ], [ -122.293609252620868, 47.477953949121378 ], [ -122.293414089531325, 47.477955963331773 ], [ -122.293703388272405, 47.478440529449088 ], [ -122.293703506938115, 47.478440739328065 ], [ -122.294434488855174, 47.479741142176806 ], [ -122.294541612772392, 47.479931855520917 ], [ -122.294635553136203, 47.480119321827466 ], [ -122.294708103187546, 47.480311102670768 ], [ -122.294758834587199, 47.480506079104678 ], [ -122.29497622039338, 47.481556353043281 ], [ -122.295063434497933, 47.481977803375287 ], [ -122.295160957260109, 47.482436665693378 ], [ -122.295161067213542, 47.482437179747919 ], [ -122.29517587660321, 47.482495312768904 ], [ -122.295239627731519, 47.482745598781214 ], [ -122.295286040732634, 47.482906133711062 ], [ -122.295328269278713, 47.483052209279123 ], [ -122.295328422063832, 47.483052736275887 ], [ -122.295343685412163, 47.483103189847796 ], [ -122.295676646342443, 47.484203503226247 ], [ -122.295679880647413, 47.484203462459462 ], [ -122.295872179842462, 47.484199666160237 ], [ -122.296169194838328, 47.484193801334328 ], [ -122.296658702527878, 47.484194684313167 ] ] ] ] } },
{ "type": "Feature", "properties": { "OBJECTID": 2554, "votdst": "3104", "NAME": "SET 33-3104", "SUM_VOTERS": 670, "Shape_Length": 9567.081683938055, "Shape_Area": 4992750.2236835165 }, "geometry": { "type": "MultiPolygon", "coordinates": [ [ [ [ -122.277639029084796, 47.449490186767115 ], [ -122.281189992795049, 47.449499231109051 ], [ -122.281196848361148, 47.449499246162141 ], [ -122.282831414267633, 47.449503373169307 ], [ -122.282952659083051, 47.449503678815987 ], [ -122.28623787107712, 47.449514209397961 ], [ -122.287652404821785, 47.449518712667142 ], [ -122.289065761107878, 47.449523197220138 ], [ -122.289066108446789, 47.449440976732561 ], [ -122.289072791818171, 47.447850943876254 ], [ -122.289079472162982, 47.446262005931501 ], [ -122.28907982212101, 47.446178597048515 ], [ -122.28908015616949, 47.446097518327626 ], [ -122.28908340362149, 47.445312022708698 ], [ -122.289083734004407, 47.445230908052807 ], [ -122.289083740998237, 47.445229779867681 ], [ -122.288565620893863, 47.445227103958864 ], [ -122.288538625635042, 47.445226965409041 ], [ -122.286953958838012, 47.445218773550792 ], [ -122.286933884099938, 47.445218668275523 ], [ -122.286773006716984, 47.445217837623069 ], [ -122.286557212981066, 47.445216719877884 ], [ -122.286547187580979, 47.445216668401649 ], [ -122.28589445085629, 47.445213284072899 ], [ -122.285869230197889, 47.445213154548007 ], [ -122.285464628825579, 47.445211056413811 ], [ -122.283277772782426, 47.44519968621514 ], [ -122.283172745376319, 47.445199137770466 ], [ -122.283172683071953, 47.445199138566821 ], [ -122.283172387257792, 47.445199135151114 ], [ -122.283109493382881, 47.445198807349549 ], [ -122.283107860689569, 47.445198797631406 ], [ -122.283098599205857, 47.445198748680909 ], [ -122.283098409566577, 47.44519874840595 ], [ -122.282977173761324, 47.445198120872277 ], [ -122.282945731489662, 47.445197957761728 ], [ -122.282782797041335, 47.445197106359977 ], [ -122.282759972976251, 47.445196987800053 ], [ -122.282520791658499, 47.445195740219837 ], [ -122.281627037293532, 47.44519107433139 ], [ -122.281505805450735, 47.445190443375914 ], [ -122.281494931211554, 47.445190386097927 ], [ -122.281384569559236, 47.445189809643807 ], [ -122.281331969047343, 47.445189535665648 ], [ -122.281201698486484, 47.445188854245252 ], [ -122.281201467752894, 47.445188854491683 ], [ -122.281080392962735, 47.445188625895092 ], [ -122.280198880669658, 47.445186986069793 ], [ -122.280196972371783, 47.445186984323342 ], [ -122.280189033987213, 47.445186970434754 ], [ -122.279038508143572, 47.44518481249407 ], [ -122.27899288018267, 47.445184726537484 ], [ -122.275809823443439, 47.445178699874532 ], [ -122.275054134980593, 47.445177255070227 ], [ -122.275054991177385, 47.445179351037908 ], [ -122.275348115288921, 47.445894866973106 ], [ -122.275400003975264, 47.446017646538685 ], [ -122.275454566904926, 47.446139261275455 ], [ -122.275534576585017, 47.446305587251643 ], [ -122.275619208326916, 47.446469609651103 ], [ -122.275708395873082, 47.44663120006193 ], [ -122.275802069399262, 47.446790231976202 ], [ -122.275900155569133, 47.446946580889026 ], [ -122.276002577591797, 47.447100124396016 ], [ -122.276491613730684, 47.447814386456805 ], [ -122.27763677498811, 47.44948689596044 ], [ -122.277639029084796, 47.449490186767115 ] ] ] ] } },
{ "type": "Feature", "properties": { "OBJECTID": 2555, "votdst": "3107", "NAME": "SET 33-3107", "SUM_VOTERS": 648, "Shape_Length": 20390.858968228185, "Shape_Area": 19285056.271301493 }, "geometry": { "type": "MultiPolygon", "coordinates": [ [ [ [ -122.295963300166363, 47.485150734751898 ], [ -122.296072107011781, 47.485510084888297 ], [ -122.296139427570665, 47.485750980371165 ], [ -122.296288823394292, 47.486220338437441 ], [ -122.296289010081423, 47.486220937863884 ], [ -122.296404671868444, 47.486584298879613 ], [ -122.29640647868375, 47.486589334043302 ], [ -122.296407431986083, 47.486591998066672 ], [ -122.296408387941838, 47.486594662055843 ], [ -122.296409341244328, 47.48659732607922 ], [ -122.296410297200296, 47.486599990068392 ], [ -122.296411254558677, 47.486602656738263 ], [ -122.296412206358283, 47.486605314483747 ], [ -122.296413161063484, 47.486607981187802 ], [ -122.296414119673202, 47.486610645142733 ], [ -122.296415075629639, 47.486613309131862 ], [ -122.296416028932867, 47.486615973155182 ], [ -122.296416980909498, 47.486618637195591 ], [ -122.296417938192874, 47.486621301167574 ], [ -122.296418894174948, 47.48662396605593 ], [ -122.296419847428098, 47.486626628280639 ], [ -122.296420803385132, 47.486629292269718 ], [ -122.296421754035563, 47.48663195632718 ], [ -122.29642271264612, 47.486634620282061 ], [ -122.296423668603438, 47.486637284271083 ], [ -122.296424621907533, 47.486639948294318 ], [ -122.296425577839827, 47.486642611384077 ], [ -122.296426535124084, 47.486645275355976 ], [ -122.296427487101795, 47.486647939396313 ], [ -122.296428444386308, 47.486650603368204 ], [ -122.296429396364189, 47.486653267408506 ], [ -122.296430350995536, 47.48665593141461 ], [ -122.296431309632169, 47.486658596268668 ], [ -122.296432264213266, 47.486661258476154 ], [ -122.296433218844896, 47.486663922482258 ], [ -122.296434174803309, 47.486666586471209 ], [ -122.296435128184086, 47.48666925319219 ], [ -122.29643608414267, 47.486671917181141 ], [ -122.296437037448058, 47.486674581204269 ], [ -122.296437993406855, 47.486677245193206 ], [ -122.296438950667138, 47.486679908265742 ], [ -122.296439902646171, 47.486682572305931 ], [ -122.296440857278512, 47.486685236311949 ], [ -122.296441811986725, 47.486687903015785 ], [ -122.29644276779463, 47.486690561609002 ], [ -122.296443725156394, 47.486693228278625 ], [ -122.296444677161062, 47.486695893218041 ], [ -122.296445634396832, 47.486698555391257 ], [ -122.296446590356481, 47.486701219380116 ], [ -122.29644754366295, 47.486703883403194 ], [ -122.296448499622798, 47.486706547392025 ], [ -122.296449454256035, 47.486709211397944 ], [ -122.296450408889413, 47.486711875403877 ], [ -122.296451364874798, 47.486714540291956 ], [ -122.296452318131287, 47.486717202516402 ], [ -122.296453274091647, 47.486719866505204 ], [ -122.296454227398684, 47.486722530528183 ], [ -122.296455183359228, 47.486725194517007 ], [ -122.296456140646598, 47.486727858488678 ], [ -122.296457092627307, 47.486730522528745 ], [ -122.296458047286691, 47.486733187433877 ], [ -122.296459005850508, 47.48673584958987 ], [ -122.296459957831487, 47.486738513629923 ], [ -122.29646091511934, 47.486741177601552 ], [ -122.296461867100533, 47.486743841641577 ], [ -122.296462824388499, 47.486746505613212 ], [ -122.296463780349939, 47.486749169601936 ], [ -122.296464733759038, 47.486751837221924 ], [ -122.2964656896702, 47.486754499412065 ], [ -122.29646664695855, 47.486757163383658 ], [ -122.296467602920373, 47.486759827372353 ], [ -122.296468553575593, 47.486762491429417 ], [ -122.296469508210947, 47.486765155435187 ], [ -122.296470464173041, 47.486767819423811 ], [ -122.296471421487126, 47.486770484294659 ], [ -122.296472373494666, 47.486773149233869 ], [ -122.296473330632367, 47.486775807809742 ], [ -122.296474282690497, 47.486778474547506 ], [ -122.296475237326433, 47.486781138553226 ], [ -122.296476195942503, 47.486783802507638 ], [ -122.296477147925245, 47.486786466547521 ], [ -122.296478105240013, 47.48678913141832 ], [ -122.296479057172505, 47.486791793659641 ], [ -122.296480014462318, 47.486794457631106 ], [ -122.296480970425478, 47.486797121619702 ], [ -122.296481923735371, 47.486799785642447 ], [ -122.296482879698729, 47.486802449631014 ], [ -122.296483836988926, 47.486805113602422 ], [ -122.296484792977708, 47.486807778490281 ], [ -122.296485743584185, 47.486810440748641 ], [ -122.296486698221287, 47.486813104754262 ], [ -122.296487654185142, 47.486815768742794 ], [ -122.296488611475809, 47.486818432714188 ], [ -122.296489563459829, 47.486821096754007 ], [ -122.296490520750623, 47.48682376072535 ], [ -122.296491472760081, 47.486826425664439 ], [ -122.296492430000683, 47.486829087837258 ], [ -122.296493386040822, 47.486831754523564 ], [ -122.296494336698657, 47.486834418580422 ], [ -122.296495295316618, 47.486837082534677 ], [ -122.296496251281368, 47.486839746523074 ], [ -122.296497204592853, 47.486842410545719 ], [ -122.296498160583013, 47.486845075433457 ], [ -122.296499113844206, 47.48684773765752 ], [ -122.296500069809355, 47.486850401645938 ], [ -122.296501027101286, 47.486853065617247 ], [ -122.296501983066605, 47.486855729605622 ], [ -122.296502933801023, 47.486858396360219 ], [ -122.296503892293714, 47.486861055818046 ], [ -122.296504844355027, 47.486863722555512 ], [ -122.29650580159695, 47.486866384728252 ], [ -122.296506753582719, 47.486869048767915 ], [ -122.296507710875346, 47.486871712739159 ], [ -122.296508666841362, 47.486874376727471 ], [ -122.296509620154083, 47.486877040750009 ], [ -122.296510576120269, 47.486879704738342 ], [ -122.296511526754628, 47.486882367895802 ], [ -122.296512485374421, 47.486885031849909 ], [ -122.296513440014195, 47.486887695855309 ], [ -122.296514394654125, 47.48689035986073 ], [ -122.296515350620822, 47.48689302384895 ], [ -122.296516307914317, 47.48689568782013 ], [ -122.296517259926389, 47.48689835275902 ], [ -122.296518217169563, 47.486901014931618 ], [ -122.296519173136645, 47.486903678919866 ], [ -122.296520130430551, 47.486906342891018 ], [ -122.296521082417797, 47.48690900693056 ], [ -122.296522033078446, 47.486911670987141 ], [ -122.296522991774921, 47.486914337639007 ], [ -122.296523943762438, 47.486917001678535 ], [ -122.296524901031589, 47.486919664750374 ], [ -122.296525856999367, 47.486922328738572 ], [ -122.296526810313836, 47.486924992760954 ], [ -122.296527766281812, 47.48692765674911 ], [ -122.296528723576586, 47.486930320720198 ], [ -122.296529675564685, 47.486932984759655 ], [ -122.296530630231501, 47.486935649664183 ], [ -122.296531584822688, 47.486938311870915 ], [ -122.296532540791191, 47.486940975859063 ], [ -122.296533498162063, 47.486943642527883 ], [ -122.296534449999285, 47.486946301171692 ], [ -122.296535407370371, 47.486948967840512 ], [ -122.29653635537916, 47.486951631931234 ], [ -122.296537320660107, 47.486954296698883 ], [ -122.296538272598625, 47.486956958939764 ], [ -122.29653922326105, 47.486959622996274 ], [ -122.296540181883643, 47.486962286950089 ], [ -122.296541137852984, 47.486964950938166 ], [ -122.296542091169016, 47.48696761496042 ], [ -122.296543047138542, 47.486970278948498 ], [ -122.296544000480054, 47.486972943870008 ], [ -122.296544956399302, 47.486975606059538 ], [ -122.29654591369578, 47.48697827003047 ], [ -122.296546865685642, 47.486980934069742 ], [ -122.296547820328982, 47.486983598074865 ], [ -122.296548774972408, 47.486986262079981 ], [ -122.29654973094263, 47.48698892606798 ], [ -122.29655068826483, 47.486991590938139 ], [ -122.296551640280384, 47.486994255876759 ], [ -122.296552597577602, 47.486996919847577 ], [ -122.296553553548193, 47.486999583835541 ], [ -122.296554510845567, 47.487002247806402 ], [ -122.29655508988526, 47.487003870418029 ], [ -122.296555164675198, 47.48700407636202 ], [ -122.296555462836295, 47.487004911845659 ], [ -122.296556413500454, 47.487007575902005 ], [ -122.296557372150062, 47.487010240755019 ], [ -122.296558326744034, 47.487012902961524 ], [ -122.296559281388468, 47.487015566966505 ], [ -122.296560237359742, 47.487018230954412 ], [ -122.296561194657841, 47.487020894925244 ], [ -122.296562146649265, 47.487023558964431 ], [ -122.296563103947491, 47.487026222935221 ], [ -122.296564056040026, 47.487028890571516 ], [ -122.296565013136686, 47.487031547348096 ], [ -122.296565969184229, 47.487034214033756 ], [ -122.296566919849468, 47.487036878090031 ], [ -122.29656787847486, 47.487039542043668 ], [ -122.29656883046701, 47.487042206082819 ], [ -122.296569787765932, 47.487044870053552 ], [ -122.296570743763496, 47.487047534940629 ], [ -122.296571701012169, 47.487050197112801 ], [ -122.296572656984722, 47.487052861100622 ], [ -122.296573610304023, 47.487055525122607 ], [ -122.296574562296712, 47.487058189161687 ], [ -122.296575516942866, 47.487060853166597 ], [ -122.296576471589134, 47.487063517171492 ], [ -122.296577427587408, 47.48706618205852 ], [ -122.296578384836735, 47.487068844230627 ], [ -122.296579336829907, 47.487071508269658 ], [ -122.296580294129967, 47.48707417224032 ], [ -122.296581246199025, 47.487076838977181 ], [ -122.296582203499213, 47.48707950294785 ], [ -122.296583159472831, 47.487082166935558 ], [ -122.296584110165028, 47.487084831890932 ], [ -122.296585068741791, 47.487087494045873 ], [ -122.296586024715694, 47.487090158033588 ], [ -122.296586978036331, 47.487092822055466 ], [ -122.296587934010432, 47.487095486043145 ], [ -122.29658888335122, 47.487098150116353 ], [ -122.296589847285645, 47.487100814001394 ], [ -122.29659080063189, 47.487103478922535 ], [ -122.29659175257585, 47.487106141162919 ], [ -122.296592707223795, 47.487108805167658 ], [ -122.296593661947512, 47.487111471870243 ], [ -122.296594617922295, 47.48711413585788 ], [ -122.296595575072473, 47.487116794432723 ], [ -122.296596527143151, 47.487119461169492 ], [ -122.296597484419678, 47.487122124240685 ], [ -122.296598440394845, 47.487124788228286 ], [ -122.296599393716733, 47.487127452250078 ], [ -122.296600349692099, 47.487130116237658 ], [ -122.296601300360834, 47.487132780293649 ], [ -122.296602258989822, 47.487135444246995 ], [ -122.296603213664042, 47.487138109150926 ], [ -122.296604168262675, 47.487140771356998 ], [ -122.296605124238525, 47.487143435344564 ], [ -122.296606073581032, 47.487146099417593 ], [ -122.296607037517234, 47.487148763302514 ], [ -122.296607990839973, 47.487151427324235 ], [ -122.296608942836215, 47.487154091363067 ], [ -122.296609900214932, 47.48715675803129 ], [ -122.296610856166168, 47.487159421119479 ], [ -122.296611806835969, 47.48716208517537 ], [ -122.296612765466008, 47.487164749128645 ], [ -122.296613717462691, 47.48716741316742 ], [ -122.29661467476619, 47.487170077137783 ], [ -122.296615630743119, 47.487172741125242 ], [ -122.29661658409205, 47.487175406046156 ], [ -122.29661754001873, 47.487178068235039 ], [ -122.296618493342564, 47.487180732256668 ], [ -122.296619449319905, 47.487183396244085 ], [ -122.296620403970635, 47.487186060248604 ], [ -122.296621358621508, 47.487188724253102 ], [ -122.296622314599119, 47.487191388240518 ], [ -122.296623271928723, 47.487194053110052 ], [ -122.296624227931787, 47.487196717996703 ], [ -122.296625185236408, 47.487199381966981 ], [ -122.296626133102919, 47.487202040661302 ], [ -122.296627090483398, 47.487204707329383 ], [ -122.296628046461592, 47.48720737131675 ], [ -122.296628997133155, 47.487210035372492 ], [ -122.296629955790166, 47.48721270022488 ], [ -122.296630911718225, 47.48721536241365 ], [ -122.296631865043409, 47.487218026435166 ], [ -122.296632821022115, 47.48722069042249 ], [ -122.296633774347555, 47.487223354443998 ], [ -122.296634730326446, 47.487226018431286 ], [ -122.296635687632104, 47.487228682401472 ], [ -122.296636639656398, 47.487231347339325 ], [ -122.296637594258385, 47.487234009545141 ], [ -122.296638548911005, 47.487236673549511 ], [ -122.296639504966066, 47.487239340234588 ], [ -122.296640462272265, 47.487242004204724 ], [ -122.296641410291699, 47.487244668294593 ], [ -122.296642375558193, 47.48724733216212 ], [ -122.296643327583112, 47.487249997099916 ], [ -122.296644280859169, 47.487252659322763 ], [ -122.296645236839126, 47.487255323309959 ], [ -122.296646187512451, 47.487257987365581 ], [ -122.296647146145943, 47.48726065131855 ], [ -122.296648100799544, 47.487263315322863 ], [ -122.296649055453202, 47.487265979327141 ], [ -122.29665001145888, 47.487268644213557 ], [ -122.296650964735576, 47.487271306436369 ], [ -122.296651920716215, 47.487273970423523 ], [ -122.296652878023693, 47.487276634393574 ], [ -122.296653830024468, 47.487279298432007 ], [ -122.296654787407761, 47.487281965099868 ], [ -122.296655743237409, 47.487284623691323 ], [ -122.29665669388659, 47.487287286847561 ], [ -122.296657652596906, 47.487289953498298 ], [ -122.296658600618073, 47.48729261758799 ], [ -122.296659565886316, 47.487295281455381 ], [ -122.296660517887787, 47.487297945493758 ], [ -122.296661471216041, 47.487300609515053 ], [ -122.296662427197759, 47.487303273502121 ], [ -122.296663380551422, 47.487305938422622 ], [ -122.296664336482849, 47.487308600611101 ], [ -122.296665291138197, 47.487311264615258 ], [ -122.296666245793645, 47.4873139286194 ], [ -122.296667201775833, 47.487316592606419 ], [ -122.296668159160504, 47.487319259274123 ], [ -122.296669111162885, 47.487321923312436 ], [ -122.296670068497306, 47.48732458818165 ], [ -122.296671020449352, 47.48732725042138 ], [ -122.296672790816345, 47.487331930709381 ], [ -122.296673795634533, 47.48733458507084 ], [ -122.296674800478016, 47.487337240331534 ], [ -122.296675805397257, 47.48733989829006 ], [ -122.296676806286087, 47.487342554501382 ], [ -122.296677807099329, 47.487345208014837 ], [ -122.296678815923286, 47.487347863224187 ], [ -122.296679820843025, 47.487350521182705 ], [ -122.296680821681775, 47.487353175595388 ], [ -122.296681826525969, 47.487355830856046 ], [ -122.296682831370262, 47.487358486116683 ], [ -122.296683836290327, 47.487361144075138 ], [ -122.296684837129561, 47.487363798487813 ], [ -122.296685841974167, 47.487366453748415 ], [ -122.296686846818872, 47.487369109009052 ], [ -122.296687851764588, 47.487371767866755 ], [ -122.29668885655903, 47.487374421328795 ], [ -122.296689857423942, 47.487377076640698 ], [ -122.296690862269102, 47.487379731901257 ], [ -122.296691867089095, 47.487382386262546 ], [ -122.296692872010084, 47.487385044220936 ], [ -122.296693872875423, 47.487387699532768 ], [ -122.296694877746148, 47.487390355692611 ], [ -122.296695882541371, 47.487393009154559 ], [ -122.296696887462787, 47.487395667112921 ], [ -122.296697888328538, 47.487398322424717 ], [ -122.296698893149212, 47.487400976785977 ], [ -122.296699897995239, 47.487403632046487 ], [ -122.296700905570489, 47.487406289970608 ], [ -122.296701902456519, 47.487408945333684 ], [ -122.296702907277691, 47.48741159969488 ], [ -122.296703912124116, 47.487414254955347 ], [ -122.296704919699692, 47.487416912879404 ], [ -122.29670592444549, 47.487419564542748 ], [ -122.296706925387838, 47.487422222552304 ], [ -122.296707930234675, 47.487424877812749 ], [ -122.296708935157312, 47.487427535770983 ], [ -122.296709935999033, 47.487430190183424 ], [ -122.296710940846253, 47.487432845443863 ], [ -122.296711945693502, 47.487435500704237 ], [ -122.29671295064179, 47.487438159561698 ], [ -122.296713955438776, 47.487440813023539 ], [ -122.296714956306232, 47.487443468335208 ], [ -122.296715961153922, 47.487446123595568 ], [ -122.296716966052202, 47.487448780654461 ], [ -122.296717970900062, 47.487451435914785 ], [ -122.29671897574805, 47.487454091175124 ], [ -122.296719976641242, 47.487456747386041 ], [ -122.296720981514653, 47.487459403545607 ], [ -122.296721986362996, 47.487462058805924 ], [ -122.296722987231263, 47.487464714117536 ], [ -122.29672399205451, 47.487467368478555 ], [ -122.296724996903109, 47.48747002373883 ], [ -122.29672600182748, 47.4874726816969 ], [ -122.296727006676278, 47.487475336957154 ], [ -122.29672801149998, 47.48747799131813 ], [ -122.296729012444587, 47.487480649327509 ], [ -122.296730017293669, 47.487483304587727 ], [ -122.296731022092416, 47.487485958049426 ], [ -122.296732022986845, 47.487488614260201 ], [ -122.296733027911998, 47.487491272218271 ], [ -122.296734031434752, 47.487493927495571 ], [ -122.296735036259207, 47.487496581856483 ], [ -122.296736037128824, 47.487499237167967 ], [ -122.296737038074212, 47.487501895177282 ], [ -122.296738049557646, 47.487504550351915 ], [ -122.296739054382428, 47.487507204712784 ], [ -122.296740055252457, 47.487509860024247 ], [ -122.296741060178348, 47.487512517982196 ], [ -122.296742065053905, 47.487515174141635 ], [ -122.296743069853932, 47.487517827603149 ], [ -122.296744070724358, 47.487520482914618 ], [ -122.296745075574989, 47.487523138174701 ], [ -122.296746080476183, 47.48752579523336 ], [ -122.296747085327013, 47.487528450493436 ], [ -122.296748090177999, 47.487531105753526 ], [ -122.29674909107419, 47.487533761964166 ], [ -122.29675009587487, 47.487536415425659 ], [ -122.296751100801785, 47.48753907338353 ], [ -122.296752105653141, 47.487541728643563 ], [ -122.29675310649931, 47.487544383055628 ], [ -122.296754111426552, 47.487547041013471 ], [ -122.296755116278192, 47.487549696273511 ], [ -122.296756121079483, 47.487552349734962 ], [ -122.296757121976484, 47.487555005945559 ], [ -122.296758126904137, 47.48755766390336 ], [ -122.296759131756261, 47.487560319163336 ], [ -122.296760140563279, 47.487562973472727 ], [ -122.296761137455348, 47.487565628835284 ], [ -122.2967621423834, 47.487568286793064 ], [ -122.296763147235893, 47.487570942053004 ], [ -122.296764152063218, 47.487573596413675 ], [ -122.296765156915953, 47.487576251673623 ], [ -122.296766157864326, 47.487578909682661 ], [ -122.296767162742427, 47.487581565841836 ], [ -122.296768166218271, 47.487584219320318 ], [ -122.296769167091256, 47.487586874631496 ], [ -122.296770172020118, 47.487589532589205 ], [ -122.296771176848182, 47.487592186949797 ], [ -122.296772184354978, 47.487594842175461 ], [ -122.296773189208494, 47.487597497435296 ], [ -122.296774190182958, 47.487600156343596 ], [ -122.296775195061883, 47.487602812502686 ], [ -122.296776199839996, 47.487605465064711 ], [ -122.296777204693882, 47.487608120324545 ], [ -122.296778205668716, 47.487610779232725 ], [ -122.296779210472423, 47.487613432694005 ], [ -122.296780215326621, 47.487616087953796 ], [ -122.296781220130484, 47.487618741414998 ], [ -122.296782221105715, 47.487621400323214 ], [ -122.296783225960212, 47.487624055582984 ], [ -122.296784230814836, 47.487626710842733 ], [ -122.296785235694855, 47.487629367001787 ], [ -122.296786240574903, 47.487632023160764 ], [ -122.29678724542984, 47.487634678420491 ], [ -122.296788246304743, 47.487637333731563 ], [ -122.296789251134641, 47.487639988091999 ], [ -122.296790256065563, 47.487642646049537 ], [ -122.296791256940864, 47.487645301360523 ], [ -122.296792261821523, 47.487647957519478 ], [ -122.296793266626594, 47.487650610980637 ], [ -122.296794271633644, 47.487653271635942 ], [ -122.29679527243357, 47.487655924249083 ], [ -122.29679627328413, 47.487658578660771 ], [ -122.296797282120167, 47.487661233869098 ], [ -122.296798286976212, 47.487663889128761 ], [ -122.296799287927968, 47.487666547137529 ], [ -122.296800292834675, 47.487669204195647 ], [ -122.296801296288663, 47.487671856774568 ], [ -122.296802301145121, 47.487674512034175 ], [ -122.296803302122541, 47.487677170942149 ], [ -122.296804306928749, 47.487679824403216 ], [ -122.296805314438927, 47.487682479628575 ], [ -122.296806319371498, 47.48768513758597 ], [ -122.296807324203243, 47.48768779194625 ], [ -122.296808325080193, 47.487690447257094 ], [ -122.296809329937389, 47.487693102516673 ], [ -122.296810334819867, 47.487695758675457 ], [ -122.296811339702558, 47.487698414834277 ], [ -122.296812340579919, 47.487701070145093 ], [ -122.296813345437485, 47.487703725404593 ], [ -122.296814350269955, 47.48770637976483 ], [ -122.296815355203435, 47.487709037722112 ], [ -122.296816356081266, 47.487711693032892 ], [ -122.296817360939272, 47.487714348292371 ], [ -122.296818365772126, 47.487717002652552 ], [ -122.296819374761824, 47.487719663256343 ], [ -122.296820371584204, 47.487722315920621 ], [ -122.296821376467832, 47.487724972079306 ], [ -122.296822381275945, 47.487727625540188 ], [ -122.296823386210235, 47.487730283497434 ], [ -122.296824391068952, 47.487732938756828 ], [ -122.296825391998112, 47.487735595866106 ], [ -122.296826396781313, 47.487738248427647 ], [ -122.296827401716087, 47.48774090638485 ], [ -122.296828410580545, 47.487743562492213 ], [ -122.296829407429087, 47.487746216055633 ], [ -122.296830412288386, 47.487748871314963 ], [ -122.296831417223515, 47.487751529272174 ], [ -122.296832422057818, 47.487754183632205 ], [ -122.296833422937382, 47.4877568389429 ], [ -122.296834427797123, 47.487759494202201 ], [ -122.296835431405967, 47.48776215217643 ], [ -122.296836436240667, 47.487764806536468 ], [ -122.296837437120587, 47.487767461847071 ], [ -122.296838441980739, 47.487770117106351 ], [ -122.296839449595311, 47.487772775928541 ], [ -122.296840454405213, 47.487775429389238 ], [ -122.296841455285545, 47.487778084699798 ], [ -122.296842460146138, 47.487780739959064 ], [ -122.29684346505725, 47.487783397016834 ], [ -122.296844469918014, 47.487786052276093 ], [ -122.296845474778863, 47.487788707535309 ], [ -122.296846479665049, 47.487791363693781 ], [ -122.29684748057123, 47.48779401990361 ], [ -122.296848485432434, 47.487796675162791 ], [ -122.29684949029371, 47.487799330421964 ], [ -122.296850491149712, 47.487801984833162 ], [ -122.296851496011186, 47.487804640092342 ], [ -122.296852500948447, 47.48780729804934 ], [ -122.296853505835415, 47.487809954207776 ], [ -122.296854506666605, 47.487812607719704 ], [ -122.296855507548372, 47.487815263030157 ], [ -122.296856516466164, 47.487817920935768 ], [ -122.296857521303025, 47.487820575295629 ], [ -122.296858522185133, 47.487823230606033 ], [ -122.296859527047417, 47.487825885865135 ], [ -122.29686053198553, 47.48782854382204 ], [ -122.296861536822774, 47.487831198181858 ], [ -122.296862537705238, 47.487833853492234 ], [ -122.296863542567934, 47.487836508751307 ], [ -122.296864543551621, 47.487839167658784 ], [ -122.296865552344158, 47.487841821067967 ], [ -122.296866557207167, 47.48784447632702 ], [ -122.296867558090156, 47.487847131637366 ], [ -122.29686856167713, 47.487849788712033 ], [ -122.296869566540437, 47.48785244397105 ], [ -122.296870571403858, 47.487855099230025 ], [ -122.29687157231254, 47.487857755439641 ], [ -122.296872579854764, 47.48786041156368 ], [ -122.296873584718497, 47.487863066822662 ], [ -122.296874589582345, 47.487865722081615 ], [ -122.296875590440933, 47.487868376492614 ], [ -122.296876595380667, 47.487871034449398 ], [ -122.296877600244784, 47.487873689708366 ], [ -122.296878605109001, 47.487876344967276 ], [ -122.296879605968059, 47.487878999378253 ], [ -122.296880610908175, 47.487881657334995 ], [ -122.296881615697018, 47.487884309896081 ], [ -122.296882620662586, 47.487886968752093 ], [ -122.296883625476852, 47.4878896222124 ], [ -122.296884626437333, 47.487892280220422 ], [ -122.296885631302288, 47.487894935479289 ], [ -122.296886636142105, 47.48789758983888 ], [ -122.296887644987365, 47.487900245046454 ], [ -122.296888641968081, 47.487902903105741 ], [ -122.296889646858659, 47.48790555926383 ], [ -122.296890651673706, 47.487908212724136 ], [ -122.296891656539273, 47.487910867982947 ], [ -122.296892657500493, 47.487913525990891 ], [ -122.29689366234102, 47.487916180350425 ], [ -122.296894667206899, 47.487918835609207 ], [ -122.296895672072864, 47.48792149086799 ], [ -122.296896673034567, 47.487924148875905 ], [ -122.296897677875506, 47.487926803235389 ], [ -122.296898682741784, 47.487929458494186 ], [ -122.29689968760816, 47.487932113752926 ], [ -122.296900688519742, 47.487934769962244 ], [ -122.296901692084859, 47.487937426137371 ], [ -122.296902696951548, 47.487940081396083 ], [ -122.296903701818394, 47.487942736654801 ], [ -122.296904709313438, 47.487945390980009 ], [ -122.29690571425617, 47.487948048936524 ], [ -122.29690671506745, 47.487950701548691 ], [ -122.296907720035577, 47.487953360404511 ], [ -122.296908724852386, 47.487956013864604 ], [ -122.296909725815368, 47.487958671872448 ], [ -122.296910730682939, 47.487961327131082 ], [ -122.296911735525299, 47.487963981490459 ], [ -122.29691274031731, 47.487966634051254 ], [ -122.297087724318231, 47.488430118019707 ], [ -122.297144813877381, 47.488580310513719 ], [ -122.297214982982538, 47.488727935089095 ], [ -122.297218403894604, 47.488738126627275 ], [ -122.297415263112086, 47.488736421869547 ], [ -122.297428577102238, 47.488736307735039 ], [ -122.298421736532759, 47.488727700305212 ], [ -122.299938509037659, 47.488714540119169 ], [ -122.299941612627194, 47.488714513517671 ], [ -122.300386943787331, 47.488710645835617 ], [ -122.300555021494446, 47.488709189723636 ], [ -122.302108532888383, 47.488695678628062 ], [ -122.302131463910115, 47.488695379241193 ], [ -122.303445080864236, 47.488678284695382 ], [ -122.30344555848454, 47.488678278510235 ], [ -122.303446021510936, 47.488678272514051 ], [ -122.303599123723075, 47.488676278946265 ], [ -122.303651188238078, 47.488675601931291 ], [ -122.30476480778897, 47.488661093945872 ], [ -122.304767020761687, 47.488661065262171 ], [ -122.30476819093073, 47.488661050094876 ], [ -122.304769333238596, 47.488661035288722 ], [ -122.304791967120082, 47.488660741914344 ], [ -122.305170907356768, 47.488655801633087 ], [ -122.306690628050788, 47.48863598365643 ], [ -122.307449102205069, 47.488626085034284 ], [ -122.307450117146232, 47.488626071855023 ], [ -122.307451075038387, 47.488626059416525 ], [ -122.30821035162046, 47.488616147084585 ], [ -122.309730071303889, 47.488596287507413 ], [ -122.31010552531373, 47.488591376083775 ], [ -122.310628365474244, 47.488584536540358 ], [ -122.31062984343852, 47.488584517307196 ], [ -122.31063067396417, 47.488584506499308 ], [ -122.311249785721969, 47.488576403143782 ], [ -122.31156782198498, 47.488572242470354 ], [ -122.311571319213016, 47.488572196930932 ], [ -122.311577238951074, 47.488572117147577 ], [ -122.311577703965199, 47.488571244774285 ], [ -122.311577823707864, 47.48857102101298 ], [ -122.31206176530317, 47.487662519394831 ], [ -122.312544809206301, 47.48675669722769 ], [ -122.312810960115968, 47.48624864650904 ], [ -122.312916357535997, 47.48604744563994 ], [ -122.312918378882543, 47.486043706629189 ], [ -122.313017657818463, 47.485860298601651 ], [ -122.31302154539155, 47.485853107772499 ], [ -122.313021612438462, 47.485852991749255 ], [ -122.313159962380453, 47.485555011731883 ], [ -122.313280398989562, 47.48525335179648 ], [ -122.313382669118113, 47.484948621637344 ], [ -122.313464216478351, 47.484648891699926 ], [ -122.313528734750477, 47.484347193216649 ], [ -122.313582463586471, 47.484051266907741 ], [ -122.31375040664615, 47.483148248541823 ], [ -122.314084160772225, 47.481345882985792 ], [ -122.314404431977451, 47.479633755985454 ], [ -122.31442022430933, 47.479549346087126 ], [ -122.314475898130937, 47.479251749392532 ], [ -122.314757430403191, 47.477746850250945 ], [ -122.314991212207914, 47.476553035958155 ], [ -122.315206081423398, 47.47535761212896 ], [ -122.315402022702102, 47.474160647458397 ], [ -122.31289307143372, 47.474134921435422 ], [ -122.312917059216034, 47.472427787432395 ], [ -122.312918210868162, 47.472345539665298 ], [ -122.3127967995094, 47.472345902639624 ], [ -122.31231166073151, 47.472347347534701 ], [ -122.309218891252598, 47.472356503478309 ], [ -122.307656456714184, 47.472370047012518 ], [ -122.306152674586542, 47.472383321532526 ], [ -122.305023044773776, 47.472393280173641 ], [ -122.302402972125279, 47.472423498829919 ], [ -122.302402340032089, 47.472656344470153 ], [ -122.302401004472671, 47.473143532646098 ], [ -122.30239962965733, 47.473648788023944 ], [ -122.30239876960799, 47.473963443648245 ], [ -122.302397960627133, 47.474259227680129 ], [ -122.302391309768609, 47.47459191520354 ], [ -122.302386745922504, 47.47482023007673 ], [ -122.302379457685504, 47.475184805916868 ], [ -122.302372887101626, 47.475513472984964 ], [ -122.302365882874867, 47.475863780174784 ], [ -122.302361943779445, 47.476060901389147 ], [ -122.302325759324006, 47.477870753759035 ], [ -122.302319401313952, 47.478186825462721 ], [ -122.302305346000281, 47.478886207104978 ], [ -122.302289562174892, 47.479671385395527 ], [ -122.302255010049691, 47.481390233699734 ], [ -122.302253356506213, 47.481472510136406 ], [ -122.302251437311256, 47.48156820846274 ], [ -122.302248457178095, 47.481716852155387 ], [ -122.302235326231809, 47.482371841817077 ], [ -122.302232464411262, 47.482514558305702 ], [ -122.302217178460936, 47.483276966653548 ], [ -122.302217170717554, 47.483277398562343 ], [ -122.302217160397007, 47.483277833203296 ], [ -122.302211808097312, 47.48354474488368 ], [ -122.302198886679804, 47.484189205603307 ], [ -122.301893674486394, 47.484191582164769 ], [ -122.298509937218896, 47.484217854434014 ], [ -122.298380605796766, 47.484218906590428 ], [ -122.297709207223917, 47.484217816504767 ], [ -122.297150806232011, 47.484205976061844 ], [ -122.296972931359548, 47.484201974325799 ], [ -122.296972494475455, 47.484201964665814 ], [ -122.296658702527878, 47.484194684313167 ], [ -122.296169194838328, 47.484193801334328 ], [ -122.295872179842462, 47.484199666160237 ], [ -122.295679880647413, 47.484203462459462 ], [ -122.295676646342443, 47.484203503226247 ], [ -122.295696912087294, 47.484270473739855 ], [ -122.295963300166363, 47.485150734751898 ] ] ] ] } },
{ "type": "Feature", "properties": { "OBJECTID": 2556, "votdst": "3618", "NAME": "SET 33-3618", "SUM_VOTERS": 453, "Shape_Length": 7723.5406656565447, "Shape_Area": 3013173.5365946884 }, "geometry": { "type": "MultiPolygon", "coordinates": [ [ [ [ -122.286319718237138, 47.459640510358966 ], [ -122.286497741944856, 47.459641095631184 ], [ -122.288575641219282, 47.459647911303357 ], [ -122.289017593048413, 47.459649353255493 ], [ -122.28901803274772, 47.459567109973825 ], [ -122.289022078697613, 47.45880627713489 ], [ -122.289144167812296, 47.458806585401128 ], [ -122.291725945583821, 47.458813089054409 ], [ -122.291835989740434, 47.458813363033855 ], [ -122.291847212253302, 47.458813391490494 ], [ -122.29184721773683, 47.458812448640792 ], [ -122.291848848194803, 47.458555554528203 ], [ -122.291852526698037, 47.457976169414373 ], [ -122.291858954004184, 47.456963398896548 ], [ -122.291863154271724, 47.456301696535036 ], [ -122.29185195874156, 47.456301665041224 ], [ -122.291741892532997, 47.456301361742085 ], [ -122.289035438750062, 47.456293815910257 ], [ -122.281299001850286, 47.456271899525092 ], [ -122.281189228867063, 47.456271584947515 ], [ -122.281189227468886, 47.456274498757089 ], [ -122.281185458235896, 47.459623501233679 ], [ -122.282782162792884, 47.459628815126308 ], [ -122.283589384093673, 47.459631493769926 ], [ -122.283653963588648, 47.459631709121908 ], [ -122.283892785908691, 47.459632499155639 ], [ -122.285169136795759, 47.459636720881548 ], [ -122.285873362241219, 47.459639041417127 ], [ -122.286107138306775, 47.459639810430836 ], [ -122.286319718237138, 47.459640510358966 ] ] ] ] } },
{ "type": "Feature", "properties": { "OBJECTID": 2557, "votdst": "3704", "NAME": "SET 33-3704", "SUM_VOTERS": 279, "Shape_Length": 18250.281312393236, "Shape_Area": 8186886.0642905561 }, "geometry": { "type": "MultiPolygon", "coordinates": [ [ [ [ -122.286574019392617, 47.408245912542135 ], [ -122.286349737138622, 47.40824884812136 ], [ -122.285380909897682, 47.408261529698571 ], [ -122.28534089140841, 47.408262053143204 ], [ -122.285297071067006, 47.408262625274524 ], [ -122.285264207134972, 47.40826305434495 ], [ -122.285248750838193, 47.408263257728329 ], [ -122.285206630093128, 47.408263808953585 ], [ -122.286116022176188, 47.409560942033188 ], [ -122.28611984863997, 47.409566349039487 ], [ -122.286134791981553, 47.409588093259657 ], [ -122.286149454695774, 47.409609895950233 ], [ -122.286163837557666, 47.40963178498874 ], [ -122.286177899500601, 47.409653760901712 ], [ -122.286191680190882, 47.409675820482022 ], [ -122.286205181803311, 47.409697994288166 ], [ -122.286218360395708, 47.409720227108593 ], [ -122.286231226016199, 47.409742546701985 ], [ -122.286243801159742, 47.409764951880547 ], [ -122.286256099647616, 47.409787415479386 ], [ -122.286268077289265, 47.409809968651231 ], [ -122.286279733859175, 47.409832603302711 ], [ -122.286291107148784, 47.409855296459639 ], [ -122.286302162764841, 47.409878050362146 ], [ -122.28631293720008, 47.409900890630745 ], [ -122.286323348845187, 47.40992378952464 ], [ -122.286587237315146, 47.41051180368504 ], [ -122.286587368797768, 47.410512099765619 ], [ -122.286590051591347, 47.410518073772188 ], [ -122.286661514100274, 47.410677308136371 ], [ -122.286670344038214, 47.41069707419836 ], [ -122.286682679485295, 47.410725185846388 ], [ -122.286694692683895, 47.410753384387803 ], [ -122.286706386233135, 47.410781667990243 ], [ -122.28671779709903, 47.41080998400318 ], [ -122.286728885513554, 47.410838332037052 ], [ -122.286739654252287, 47.410866764232885 ], [ -122.286750104512876, 47.410895228398871 ], [ -122.286760266416806, 47.41092380691169 ], [ -122.286770068547668, 47.410952362149331 ], [ -122.286779590818469, 47.410981003737547 ], [ -122.286788790534899, 47.411009673750122 ], [ -122.286797664722982, 47.411038408209045 ], [ -122.286806225080014, 47.411067198868039 ], [ -122.286814499298615, 47.411095993195566 ], [ -122.286880348381786, 47.411329999181525 ], [ -122.286891079301526, 47.411351303451468 ], [ -122.286898539774683, 47.411360996290128 ], [ -122.286902284542691, 47.411366460095685 ], [ -122.286910196974034, 47.411374916490672 ], [ -122.2869152915749, 47.411379454394542 ], [ -122.286918993627197, 47.411383383136801 ], [ -122.286922691320783, 47.411387012369339 ], [ -122.286928264629779, 47.411392751391972 ], [ -122.286938913827456, 47.411402403337959 ], [ -122.286948131084003, 47.411409935305564 ], [ -122.286962856967151, 47.411419453108486 ], [ -122.286969212817013, 47.411422881826923 ], [ -122.286978841743121, 47.411427777194405 ], [ -122.286988628413411, 47.411432531100793 ], [ -122.286998648811775, 47.411437064306817 ], [ -122.287008787810109, 47.411441430465302 ], [ -122.287019164687564, 47.411445629845865 ], [ -122.287020350070577, 47.411446080635073 ], [ -122.287029658663315, 47.411449608222341 ], [ -122.287040307032626, 47.411453419991744 ], [ -122.28705111094331, 47.411457011163598 ], [ -122.287062031403082, 47.411460409225754 ], [ -122.287073108079838, 47.411463610970706 ], [ -122.287084258937881, 47.411466621048866 ], [ -122.287095560037827, 47.411469410597256 ], [ -122.287106990909152, 47.411472005966608 ], [ -122.287118485887135, 47.411474381011253 ], [ -122.287130100063123, 47.411476562912014 ], [ -122.287141787618964, 47.411478524369052 ], [ -122.287153549879264, 47.411480265365263 ], [ -122.287165386843853, 47.411481785900712 ], [ -122.287177259545501, 47.411483114362639 ], [ -122.287189165132546, 47.411484195912159 ], [ -122.287201146174368, 47.411485083979116 ], [ -122.287213124332411, 47.411485725592449 ], [ -122.287225169996418, 47.411486173825125 ], [ -122.287237173809316, 47.411486403991404 ], [ -122.287249211257773, 47.41148641422356 ], [ -122.287261241872542, 47.411486178952345 ], [ -122.287273267080323, 47.411485749436395 ], [ -122.287277578737928, 47.411485391868972 ], [ -122.2872840677325, 47.411484842647241 ], [ -122.287294817259394, 47.41148371791094 ], [ -122.287305492540938, 47.411482401612361 ], [ -122.287316109297066, 47.411480839574097 ], [ -122.287326683627157, 47.411479086465079 ], [ -122.287337131294592, 47.411477115478256 ], [ -122.287337411943099, 47.411477057003026 ], [ -122.287347531785429, 47.41147492559417 ], [ -122.287357805613382, 47.411472517832308 ], [ -122.28736799329748, 47.411469919560531 ], [ -122.287378048370655, 47.411467127776476 ], [ -122.287387988878749, 47.411464124256831 ], [ -122.287397754981939, 47.411460901672783 ], [ -122.287407393224271, 47.41145751340315 ], [ -122.28741690887756, 47.411453910802109 ], [ -122.287426215082945, 47.411450115674654 ], [ -122.287435394877249, 47.411446159341061 ], [ -122.287444367948112, 47.411442013144907 ], [ -122.287453174063572, 47.411437677475796 ], [ -122.287461773480629, 47.411433152843536 ], [ -122.287470206693257, 47.411428465716547 ], [ -122.287478390241134, 47.411423617165589 ], [ -122.287486371815859, 47.411418606578884 ], [ -122.287494105050584, 47.411413434551292 ], [ -122.287501627814891, 47.411408128484538 ], [ -122.287503927358784, 47.411406423936796 ], [ -122.28750891151256, 47.411402660858009 ], [ -122.287515942895936, 47.411397031841723 ], [ -122.287522732039562, 47.411391270093539 ], [ -122.287529273544294, 47.411385372084411 ], [ -122.287535569586097, 47.411379368372707 ], [ -122.287541577470009, 47.411373201032518 ], [ -122.287547342167244, 47.411366962145237 ], [ -122.28755277756386, 47.411360557458565 ], [ -122.287557969573712, 47.411354074030761 ], [ -122.287562880352226, 47.411347485359435 ], [ -122.287567497378063, 47.411340817693642 ], [ -122.287571792105098, 47.411334045311257 ], [ -122.287575802352904, 47.411327193815481 ], [ -122.287579531344861, 47.411320236177048 ], [ -122.287582318513316, 47.411314578843168 ], [ -122.287601822243161, 47.411269415382876 ], [ -122.287884964905558, 47.410617607170856 ], [ -122.287910322922897, 47.410559261411642 ], [ -122.287920799489669, 47.410536587588261 ], [ -122.288060929052577, 47.410240988351731 ], [ -122.288160939294357, 47.410034987273136 ], [ -122.288189399774211, 47.409976383024414 ], [ -122.288192299114115, 47.40997171289068 ], [ -122.288208990559497, 47.409944516164408 ], [ -122.288225396814838, 47.40991721514439 ], [ -122.288241519358209, 47.409889862887958 ], [ -122.288257275280472, 47.409862432571956 ], [ -122.28827278438078, 47.40983489567094 ], [ -122.288287972703074, 47.409807308909272 ], [ -122.288302873112585, 47.409779615190679 ], [ -122.288317489837283, 47.409751871135512 ], [ -122.288331781009489, 47.409724048494326 ], [ -122.288345748004545, 47.409696149048727 ], [ -122.28835942856638, 47.409668195703873 ], [ -122.288372825266748, 47.409640138049433 ], [ -122.288385897944522, 47.409612056665161 ], [ -122.288398643020912, 47.409583870633412 ], [ -122.288411105690017, 47.409555632450335 ], [ -122.288423240987086, 47.409527345392071 ], [ -122.288435055410901, 47.409499004877283 ], [ -122.288446542260232, 47.409470560614736 ], [ -122.288457746907568, 47.409442119073994 ], [ -122.288468622631569, 47.409413572903382 ], [ -122.288479219377123, 47.40938500242558 ], [ -122.288489487951779, 47.409356354296321 ], [ -122.28849943383338, 47.409327682421214 ], [ -122.288509799563769, 47.409296671602114 ], [ -122.288754153709021, 47.408527813182587 ], [ -122.288784011586259, 47.40843390145821 ], [ -122.288804973643281, 47.408396741934375 ], [ -122.28883098059454, 47.408362920690578 ], [ -122.288861509581935, 47.408333117687803 ], [ -122.288906032551907, 47.408301237565027 ], [ -122.288953438297796, 47.408273827122841 ], [ -122.289003279604842, 47.408251144944941 ], [ -122.289055086281834, 47.408233405009696 ], [ -122.289108369596676, 47.408220774671506 ], [ -122.289162626887034, 47.408213373082035 ], [ -122.289217346302308, 47.40821127006614 ], [ -122.289219818163176, 47.408211238316646 ], [ -122.289221283264041, 47.408211219498327 ], [ -122.289244193453229, 47.408210917132138 ], [ -122.289623769567626, 47.408205938440283 ], [ -122.289708247913495, 47.408204826947184 ], [ -122.289876095984454, 47.408202623415526 ], [ -122.289879348083346, 47.408202581625446 ], [ -122.290004762946026, 47.408200937564089 ], [ -122.290204951593168, 47.408198309825401 ], [ -122.290332087098989, 47.408196639687674 ], [ -122.290611655439491, 47.408192969249669 ], [ -122.290644687518224, 47.40819253646599 ], [ -122.290645624069356, 47.408192524424798 ], [ -122.290818422402523, 47.40819025585143 ], [ -122.290843673288535, 47.408189923063887 ], [ -122.291216687968173, 47.408185024305496 ], [ -122.291229532019045, 47.408184856405661 ], [ -122.291292099017554, 47.408184036350868 ], [ -122.291306716692858, 47.408183841130764 ], [ -122.291843046151584, 47.408176793626772 ], [ -122.291864111102996, 47.40817651717316 ], [ -122.291864574741894, 47.408176511207195 ], [ -122.291865613293027, 47.408176497843385 ], [ -122.291974452294227, 47.408177295894745 ], [ -122.291976607458523, 47.408177312240802 ], [ -122.291978534626722, 47.408177326123287 ], [ -122.292242904825301, 47.408179261914697 ], [ -122.292243131496733, 47.408179264394789 ], [ -122.292243341280397, 47.408177665809269 ], [ -122.292339002416654, 47.408178398328353 ], [ -122.292679619689352, 47.408180999692206 ], [ -122.292673342741466, 47.408098714282183 ], [ -122.292674084451022, 47.408094621460819 ], [ -122.292697144204496, 47.407967431875662 ], [ -122.29270955290032, 47.407898985482994 ], [ -122.292721962863183, 47.40783053817281 ], [ -122.292734371519117, 47.407762092677046 ], [ -122.292746778792718, 47.407693646297894 ], [ -122.292759190032939, 47.407625200765644 ], [ -122.292771599890898, 47.40755675435004 ], [ -122.292784009691161, 47.407488307033965 ], [ -122.292796419484034, 47.40741986061601 ], [ -122.292808827894632, 47.407351413314636 ], [ -122.292821237647573, 47.407282967793606 ], [ -122.292833646018266, 47.40721452138915 ], [ -122.292846055706207, 47.407146075865747 ], [ -122.292858278136663, 47.407078660092104 ], [ -122.292858414974503, 47.407077629190795 ], [ -122.292867538848924, 47.407009156706245 ], [ -122.292878486477264, 47.406926992255684 ], [ -122.292889436645112, 47.406844825072376 ], [ -122.292898560438218, 47.406776352585958 ], [ -122.292907684207407, 47.40670788009902 ], [ -122.292911332978946, 47.406680493452441 ], [ -122.292916806678306, 47.406639409427065 ], [ -122.292925930449911, 47.40657093873758 ], [ -122.292935054147335, 47.406502466248938 ], [ -122.292944176546442, 47.406433995575405 ], [ -122.292953300196061, 47.406365523085697 ], [ -122.292962423872027, 47.406297052393967 ], [ -122.292971546149161, 47.406228579920203 ], [ -122.292980672376331, 47.406160107394761 ], [ -122.292989794655867, 47.406091636718422 ], [ -122.29299462083975, 47.406055410756345 ], [ -122.292986916528989, 47.406054694039213 ], [ -122.292873847866801, 47.406048999200095 ], [ -122.29287603753265, 47.40602222417867 ], [ -122.29288164498233, 47.405953725906649 ], [ -122.292887251067526, 47.405885226752297 ], [ -122.292893977045907, 47.405803028503399 ], [ -122.292900705677411, 47.405720831119574 ], [ -122.292906310413144, 47.405652332881274 ], [ -122.292911916458806, 47.405583834625816 ], [ -122.292917523764132, 47.405515334554629 ], [ -122.29292312580651, 47.405446836350137 ], [ -122.292928734457305, 47.405378338060267 ], [ -122.29293096932733, 47.405351048785676 ], [ -122.292934340444134, 47.405309839804438 ], [ -122.292939947740919, 47.405241341531422 ], [ -122.292945553673221, 47.40517284237616 ], [ -122.292951158291359, 47.405104344137094 ], [ -122.292956766818378, 47.405035844048214 ], [ -122.292962372731751, 47.404967345791945 ], [ -122.29296797995498, 47.40489884751846 ], [ -122.292970371247179, 47.404869617596646 ], [ -122.292971430812429, 47.404830332934878 ], [ -122.292973285943162, 47.404761806516078 ], [ -122.292976649056158, 47.404637369602632 ], [ -122.292978871136768, 47.40455513489426 ], [ -122.292981094534994, 47.404472900169068 ], [ -122.293002313529911, 47.403687698668911 ], [ -122.293171733005053, 47.403688713778905 ], [ -122.293170386193424, 47.403647582650542 ], [ -122.293169038009111, 47.403606449740707 ], [ -122.293166345695937, 47.403524186567871 ], [ -122.293161399885904, 47.403373134135336 ], [ -122.293161273236066, 47.403369265699496 ], [ -122.293140728508362, 47.402741872374364 ], [ -122.293136137067748, 47.402601599753758 ], [ -122.293102904606499, 47.402115891794409 ], [ -122.293087770794671, 47.401894691368057 ], [ -122.293083650502027, 47.401834484024867 ], [ -122.293175189568416, 47.401834919737361 ], [ -122.293173429247659, 47.40101002264332 ], [ -122.293173253665827, 47.40092777654057 ], [ -122.293173239780771, 47.400923106910859 ], [ -122.293173076684624, 47.400845527757333 ], [ -122.293144860666658, 47.400845407223329 ], [ -122.292975696785362, 47.40084467407241 ], [ -122.292970564006779, 47.400807025472055 ], [ -122.292951309950737, 47.400665810913395 ], [ -122.292925179540092, 47.400485332041846 ], [ -122.292907589235767, 47.400367285865407 ], [ -122.292896379109166, 47.400292080891354 ], [ -122.292893192436267, 47.400270686333926 ], [ -122.29284966294847, 47.39997855584847 ], [ -122.292814614801856, 47.399743336187129 ], [ -122.292774507725653, 47.399474181402454 ], [ -122.292732845564544, 47.3991945906224 ], [ -122.292704229577609, 47.399002531741225 ], [ -122.292675612426322, 47.398810471072842 ], [ -122.292669544016036, 47.398769763291774 ], [ -122.292651082043093, 47.398645845859207 ], [ -122.292601926863995, 47.398315949831002 ], [ -122.292501482086251, 47.398322752310868 ], [ -122.292467780574583, 47.398096564298562 ], [ -122.292386017581663, 47.397547819420517 ], [ -122.292352491477544, 47.397322800410748 ], [ -122.292304258979925, 47.396999075361286 ], [ -122.292244077320674, 47.396595135962805 ], [ -122.292222502020024, 47.396450328557947 ], [ -122.292176368063338, 47.39614068484552 ], [ -122.292116111081853, 47.396144765662264 ], [ -122.292102829999905, 47.396055623768774 ], [ -122.292102606229236, 47.396054109929352 ], [ -122.292102552136697, 47.396053785871281 ], [ -122.291977884598211, 47.396056904645114 ], [ -122.291856751871961, 47.396059932806637 ], [ -122.291685892479393, 47.396064206216714 ], [ -122.291631383272758, 47.396064650404959 ], [ -122.291551291089604, 47.396065328412803 ], [ -122.291548990373045, 47.396065348122683 ], [ -122.291291255181306, 47.396067533552284 ], [ -122.291018030916675, 47.396073937032973 ], [ -122.290464501310993, 47.396082055310814 ], [ -122.29040875711766, 47.396082871930268 ], [ -122.290300869580122, 47.39608445429311 ], [ -122.290152791885589, 47.396086626095808 ], [ -122.2901243602238, 47.396019805252259 ], [ -122.290094225271474, 47.395953331052866 ], [ -122.290088962867429, 47.395942303081533 ], [ -122.290083703089337, 47.395931274176625 ], [ -122.2900784446378, 47.395920245254473 ], [ -122.29007318616344, 47.395909215432759 ], [ -122.290051390065514, 47.395865270567946 ], [ -122.29004832024701, 47.395859135201157 ], [ -122.290048029755241, 47.395858552398636 ], [ -122.289920334565082, 47.395859694536874 ], [ -122.289792719295889, 47.395861565076522 ], [ -122.289309178571145, 47.395868650444356 ], [ -122.28898466034768, 47.395873406889955 ], [ -122.288984517488899, 47.395824054190307 ], [ -122.288459777857682, 47.395831738010926 ], [ -122.287813939861792, 47.39584119866204 ], [ -122.287356250787042, 47.39584789620919 ], [ -122.28728919908562, 47.395848848286114 ], [ -122.287288748319497, 47.39569258351689 ], [ -122.286642766076085, 47.395702036665341 ], [ -122.286521671963143, 47.395703809097974 ], [ -122.28652268067998, 47.39605589242246 ], [ -122.286523979344324, 47.396508238246291 ], [ -122.284068324162845, 47.39656769700813 ], [ -122.284114619877414, 47.396651711235975 ], [ -122.283960174062528, 47.39668082555022 ], [ -122.28385687841552, 47.396700297995039 ], [ -122.283485899131449, 47.39676879925841 ], [ -122.283462808480508, 47.396773063749656 ], [ -122.283470427894017, 47.397027969891759 ], [ -122.282942017015387, 47.397453491741345 ], [ -122.282757172581412, 47.397456190697767 ], [ -122.282757181276239, 47.397457841342813 ], [ -122.282767028791298, 47.399273623784232 ], [ -122.282785034550031, 47.399273335921905 ], [ -122.283875145973568, 47.399255875471525 ], [ -122.283885024697838, 47.401068984456707 ], [ -122.283885028050989, 47.401069821037154 ], [ -122.283888999667113, 47.401069749513539 ], [ -122.284992817941713, 47.40104975001001 ], [ -122.285731311774754, 47.401036361624961 ], [ -122.286052555706732, 47.401030535983139 ], [ -122.286057831777569, 47.401030441365492 ], [ -122.286536919807475, 47.401021751633948 ], [ -122.286542324353306, 47.401021655346348 ], [ -122.286658010463526, 47.401019554777825 ], [ -122.287399107038766, 47.401006108645198 ], [ -122.287562141070353, 47.401003150477401 ], [ -122.288201040572005, 47.400991555548849 ], [ -122.288322207909204, 47.400989355928665 ], [ -122.289141374151939, 47.400974484974249 ], [ -122.289171566935892, 47.400973935202572 ], [ -122.290011802283303, 47.40095867215279 ], [ -122.290054455440355, 47.400957896319447 ], [ -122.290062305923655, 47.400957754031332 ], [ -122.290097112644844, 47.400957123116783 ], [ -122.290183487673616, 47.400955552234151 ], [ -122.290182338383744, 47.401021008151396 ], [ -122.290162052823518, 47.402178189548579 ], [ -122.290040879423046, 47.402179747068089 ], [ -122.290040178746054, 47.40217975607397 ], [ -122.289636507623783, 47.4021863093676 ], [ -122.289232835100734, 47.402192862139891 ], [ -122.288829159752268, 47.402199410810823 ], [ -122.288423827513029, 47.402205986512072 ], [ -122.288302727669873, 47.402207951443394 ], [ -122.28830003729864, 47.402360886728616 ], [ -122.288299887121397, 47.402369576955508 ], [ -122.288297916710164, 47.402481995086774 ], [ -122.288295227401974, 47.402635207435146 ], [ -122.288295075898546, 47.40264389767912 ], [ -122.288293104765401, 47.402756290631842 ], [ -122.288301721627761, 47.402768098760873 ], [ -122.288341296026346, 47.402822334734523 ], [ -122.288403589920165, 47.402907703705573 ], [ -122.288588484808713, 47.40316108227757 ], [ -122.288601132696627, 47.403178413424612 ], [ -122.288688366558546, 47.403297957032279 ], [ -122.288685683864259, 47.403450986706218 ], [ -122.288683720492031, 47.403563058424268 ], [ -122.288682276263799, 47.403645298263697 ], [ -122.288680829356807, 47.40372753723814 ], [ -122.288679939347119, 47.403778588157337 ], [ -122.288558829314695, 47.403780460788134 ], [ -122.286672354324494, 47.403809624401035 ], [ -122.286551244173225, 47.403811495786087 ], [ -122.286552367675668, 47.404030699371205 ], [ -122.286552651659093, 47.404085540484878 ], [ -122.286553558895136, 47.404262339901102 ], [ -122.286554061911545, 47.404359684106844 ], [ -122.286554384219414, 47.404422380899753 ], [ -122.286555007164068, 47.404543803948144 ], [ -122.286555468355118, 47.40463383317843 ], [ -122.286556880339717, 47.404909038307615 ], [ -122.286558290711653, 47.40518318463635 ], [ -122.28655859854706, 47.40524355076429 ], [ -122.286558604301149, 47.405244710269457 ], [ -122.2865589147289, 47.405304788493609 ], [ -122.286560105052303, 47.405537204499069 ], [ -122.286561263447723, 47.405762184857039 ], [ -122.286562690869701, 47.406040419640036 ], [ -122.286563044089704, 47.406108752008898 ], [ -122.286564739272563, 47.406439147327397 ], [ -122.286564902432701, 47.406471210429714 ], [ -122.286566553201055, 47.406792244228562 ], [ -122.286569332606959, 47.40733337487994 ], [ -122.28657083184433, 47.407625524609145 ], [ -122.28657170069971, 47.407794366718321 ], [ -122.286571796022457, 47.407812892673618 ], [ -122.286572190006922, 47.407889643842807 ], [ -122.286574008408536, 47.408243612416278 ], [ -122.286574019392617, 47.408245912542135 ] ] ] ] } },
{ "type": "Feature", "properties": { "OBJECTID": 2558, "votdst": "3774", "NAME": "SET 33-3774", "SUM_VOTERS": 887, "Shape_Length": 10100.320500003345, "Shape_Area": 5696542.3821174307 }, "geometry": { "type": "MultiPolygon", "coordinates": [ [ [ [ -122.288924678817708, 47.465142638300463 ], [ -122.288743223024227, 47.465496013240447 ], [ -122.288458139478905, 47.466051176877812 ], [ -122.288388090440023, 47.466189407739947 ], [ -122.287996740535476, 47.466960901490502 ], [ -122.287997114742808, 47.466960904789879 ], [ -122.288811865946471, 47.466968025668486 ], [ -122.288812101848322, 47.466968635268934 ], [ -122.288975739047189, 47.467394060347992 ], [ -122.289184265533621, 47.468806424251881 ], [ -122.289184484348539, 47.468807894986377 ], [ -122.291867106677714, 47.468830044728449 ], [ -122.291867120878962, 47.468832878281837 ], [ -122.291869065573451, 47.468832869479748 ], [ -122.292168228699865, 47.468831558155863 ], [ -122.294606106280241, 47.468820849346393 ], [ -122.297140993589849, 47.468809654575196 ], [ -122.299817730241656, 47.468797775618128 ], [ -122.3004362336399, 47.468795022133939 ], [ -122.301095197570305, 47.468792083809774 ], [ -122.302412894471715, 47.468786199569934 ], [ -122.302412901482725, 47.46878409261349 ], [ -122.302416746746971, 47.467376662899618 ], [ -122.302417120121959, 47.4672394257299 ], [ -122.302417844932023, 47.466973690399882 ], [ -122.302417866817748, 47.466965562221404 ], [ -122.302417875201158, 47.466961854857082 ], [ -122.302419670572803, 47.4664136399497 ], [ -122.302421611410296, 47.465821071036963 ], [ -122.30242236293941, 47.465591107102021 ], [ -122.302423709915061, 47.465178927578002 ], [ -122.302423892121098, 47.465123673526207 ], [ -122.302015593239176, 47.46512491794936 ], [ -122.299454046880541, 47.465132663212486 ], [ -122.299279802991961, 47.465050854868771 ], [ -122.299239130859263, 47.465031644878486 ], [ -122.299094309077432, 47.464965138888417 ], [ -122.298993918153712, 47.464919270503664 ], [ -122.298893566803514, 47.46487088444006 ], [ -122.298634006575469, 47.464745734976361 ], [ -122.29840123461139, 47.464633499167789 ], [ -122.298232079933456, 47.464559146005222 ], [ -122.297995599712038, 47.464455198496033 ], [ -122.297894067212439, 47.464409376284969 ], [ -122.297792883861391, 47.464367290915362 ], [ -122.297645708813732, 47.464309447856664 ], [ -122.297468857422416, 47.464239939198414 ], [ -122.297138043743288, 47.464121026020088 ], [ -122.297138041758828, 47.464111497484787 ], [ -122.29710411260919, 47.464110343789336 ], [ -122.297100445214411, 47.464109182936767 ], [ -122.297096781848595, 47.464108023831301 ], [ -122.297093122385533, 47.464106861976568 ], [ -122.29708945496607, 47.464105700224373 ], [ -122.297085795503307, 47.464104538369455 ], [ -122.297082125381493, 47.464103374852662 ], [ -122.29707846977125, 47.464102208449773 ], [ -122.297074810233383, 47.464101043896633 ], [ -122.297071151946028, 47.464099876628445 ], [ -122.2970674923328, 47.464098709377232 ], [ -122.297063828716162, 47.464097541277965 ], [ -122.297060173081519, 47.464096373975259 ], [ -122.297056517371345, 47.464095203974566 ], [ -122.297052857783996, 47.464094037622139 ], [ -122.297049202023729, 47.464092865822657 ], [ -122.297045546314052, 47.464091695821644 ], [ -122.297041886575855, 47.464090524073235 ], [ -122.297038230816057, 47.464089352273398 ], [ -122.297034575031205, 47.464088179574198 ], [ -122.297030923325721, 47.464087010420606 ], [ -122.29702726351249, 47.46408583597394 ], [ -122.297023607728136, 47.464084663274356 ], [ -122.297019951918713, 47.46408348967541 ], [ -122.297016296134686, 47.464082316975556 ], [ -122.297012640350857, 47.46408114427566 ], [ -122.29700898844456, 47.464079967927184 ], [ -122.297005332661044, 47.464078795227046 ], [ -122.297001676902894, 47.464077623426007 ], [ -122.296998020993612, 47.464076446229235 ], [ -122.296994369113193, 47.464075270779603 ], [ -122.296990713305092, 47.464074097179683 ], [ -122.296987057522387, 47.46407292447897 ], [ -122.29698340173988, 47.464071751778071 ], [ -122.296979749834918, 47.464070575428657 ], [ -122.296976094052667, 47.46406940272756 ], [ -122.296972438295839, 47.464068230925641 ], [ -122.296968782463495, 47.464067056425712 ], [ -122.296965126681826, 47.464065883724274 ], [ -122.296961466896747, 47.464064710174746 ], [ -122.29695781509362, 47.464063537421751 ], [ -122.296954159312392, 47.464062364719915 ], [ -122.296950503581826, 47.464061193816512 ], [ -122.296946847876569, 47.464060023812294 ], [ -122.296943188117538, 47.464058851161461 ], [ -122.296939532387455, 47.464057680257717 ], [ -122.29693587668271, 47.464056510253123 ], [ -122.296932217075508, 47.464055342997611 ], [ -122.296928561396314, 47.464054173892066 ], [ -122.296924901739033, 47.464053004837709 ], [ -122.296921239480156, 47.464051837616005 ], [ -122.296917579949252, 47.464050673057784 ], [ -122.296913921643764, 47.464049504885253 ], [ -122.296910262113215, 47.464048340326855 ], [ -122.296906602582808, 47.464047175768279 ], [ -122.296902939074329, 47.464046011260912 ], [ -122.296899279619922, 47.464044849399947 ], [ -122.296895616288325, 47.46404369118725 ], [ -122.296891952729837, 47.464042524880988 ], [ -122.296888289373285, 47.464041365768814 ], [ -122.296884626016947, 47.464040206656499 ], [ -122.296880956030265, 47.464039047629598 ], [ -122.296877294076012, 47.464037891197769 ], [ -122.296873626817458, 47.464036734834259 ], [ -122.296869959634833, 47.464035581168403 ], [ -122.296866292452279, 47.464034427502455 ], [ -122.296862625269966, 47.464033273836414 ], [ -122.296858958163384, 47.464032122868034 ], [ -122.296855285828357, 47.46403097466581 ], [ -122.296851614819474, 47.464029826446378 ], [ -122.296847943810846, 47.464028678226789 ], [ -122.296844272878019, 47.464027532704925 ], [ -122.296840595314848, 47.464026387268433 ], [ -122.296836921805792, 47.464025244478385 ], [ -122.296833247021254, 47.464024103503817 ], [ -122.296829572236831, 47.464022962529135 ], [ -122.29682589490136, 47.464021825185696 ], [ -122.296822217565975, 47.464020687842094 ], [ -122.296818538955137, 47.464019552314042 ], [ -122.296814856366126, 47.464018416837142 ], [ -122.296811176606013, 47.464017287620869 ], [ -122.296807494168647, 47.46401615753944 ], [ -122.296803811731451, 47.464015027457819 ], [ -122.296800124090936, 47.464013901041618 ], [ -122.29679644178016, 47.464012775456176 ], [ -122.296792752889459, 47.464011651754682 ], [ -122.296789064099883, 47.46401053165016 ], [ -122.296785378063504, 47.464009415108428 ], [ -122.29678168664725, 47.46400829593712 ], [ -122.296777996683318, 47.464007181244995 ], [ -122.296774301389931, 47.464006065721868 ], [ -122.296770607599356, 47.464004956476401 ], [ -122.296766912482852, 47.464003847248009 ], [ -122.296763214789934, 47.464002740751447 ], [ -122.296759515796339, 47.464001635171201 ], [ -122.296755818204687, 47.464000532271491 ], [ -122.296752115359183, 47.463999431238705 ], [ -122.29674841258948, 47.463998332903564 ], [ -122.296744711221763, 47.463997237249039 ], [ -122.296741004625432, 47.463996144360586 ], [ -122.2967372993553, 47.463995051454944 ], [ -122.296733588932355, 47.463993964013248 ], [ -122.29672987855993, 47.463992878369943 ], [ -122.296726166861575, 47.463991792743656 ], [ -122.296722455339932, 47.46399071341218 ], [ -122.2967187371123, 47.463989631468216 ], [ -122.296715027118793, 47.463988559313599 ], [ -122.296711307767083, 47.46398748458072 ], [ -122.296707839073235, 47.463986407514675 ], [ -122.296704121174088, 47.463985337260809 ], [ -122.296700399347216, 47.463984268856699 ], [ -122.296696673592592, 47.463983202302337 ], [ -122.296692951816453, 47.463982135696526 ], [ -122.296689224862149, 47.463981073655383 ], [ -122.29668550576379, 47.463980007914394 ], [ -122.296681776157612, 47.463978945907222 ], [ -122.296678050580283, 47.463977885647154 ], [ -122.296674321050077, 47.463976826337557 ], [ -122.296670595599181, 47.463975770573626 ], [ -122.296666866094498, 47.463974712163015 ], [ -122.296663132737763, 47.463973658300027 ], [ -122.296659403359484, 47.463972604385567 ], [ -122.296655669977824, 47.463971549623004 ], [ -122.296651936697188, 47.463970498457456 ], [ -122.296648199514081, 47.463969450040906 ], [ -122.296644466309402, 47.463968401572906 ], [ -122.296640729151804, 47.463967354055377 ], [ -122.296636991994347, 47.463966306537728 ], [ -122.296633255038799, 47.463965266214124 ], [ -122.296629517856417, 47.463964217796956 ], [ -122.296625776922852, 47.463963177524434 ], [ -122.296622035989458, 47.463962137251784 ], [ -122.296618295056206, 47.463961096978998 ], [ -122.296614554198797, 47.463960059403924 ], [ -122.296610809363202, 47.463959021880058 ], [ -122.296607064603421, 47.46395798705386 ], [ -122.296603317191611, 47.463956952261753 ], [ -122.296599573682514, 47.463955914720373 ], [ -122.296595829074519, 47.463954885289468 ], [ -122.296592080563997, 47.463953858607532 ], [ -122.296588331977944, 47.463952829227665 ], [ -122.296584583442524, 47.463951801646246 ], [ -122.296580834907218, 47.463950774064671 ], [ -122.296577079766806, 47.46394974746778 ], [ -122.296573332658781, 47.463948723465982 ], [ -122.296569580322142, 47.463947702230243 ], [ -122.296565824032612, 47.463946681945011 ], [ -122.296562071620613, 47.463945658011234 ], [ -122.296558314131332, 47.463944642239184 ], [ -122.296554561971831, 47.463943627297922 ], [ -122.296550805733276, 47.46394260881069 ], [ -122.296547043015693, 47.463941595804513 ], [ -122.296543288280077, 47.463940583594905 ], [ -122.296539528215021, 47.463939570554238 ], [ -122.29653576825099, 47.463938561110588 ], [ -122.29653200693572, 47.463937550784671 ], [ -122.296528247047604, 47.46393654403856 ], [ -122.296524483156077, 47.463935536444396 ], [ -122.296520722017817, 47.463934532412949 ], [ -122.29651695820229, 47.463933527516367 ], [ -122.296513190509472, 47.463932526268046 ], [ -122.296509425494165, 47.463931525884675 ], [ -122.296505657826842, 47.463930525535332 ], [ -122.296501891536195, 47.463929526967348 ], [ -122.296498129249187, 47.463928529247198 ], [ -122.296494357679663, 47.463927531646654 ], [ -122.296490588964218, 47.463926541205979 ], [ -122.296486817445398, 47.463925545403683 ], [ -122.296483048755391, 47.463924555862079 ], [ -122.296479277337752, 47.463923563656635 ], [ -122.29647549934019, 47.463922573335118 ], [ -122.296471729374986, 47.463921585608738 ], [ -122.296467955507268, 47.463920600631354 ], [ -122.296464181639735, 47.463919615653808 ], [ -122.296460399815714, 47.463918630778764 ], [ -122.296456630002339, 47.463917648447513 ], [ -122.296452852232619, 47.463916666218722 ], [ -122.296449074538586, 47.463915686687656 ], [ -122.29644529692041, 47.463914709854279 ], [ -122.296441519302334, 47.463913733020746 ], [ -122.296437739032243, 47.463912756221355 ], [ -122.296433960164009, 47.463911782102514 ], [ -122.296430175991546, 47.463910808051949 ], [ -122.296426397199284, 47.463909836630677 ], [ -122.296422613102749, 47.463908865277681 ], [ -122.296418827755858, 47.463907896639469 ], [ -122.296415046488306, 47.463906931546944 ], [ -122.296411258413897, 47.46390596024488 ], [ -122.296407475946566, 47.463904999665566 ], [ -122.296403688023716, 47.463904033758865 ], [ -122.296399900353165, 47.463903076844787 ], [ -122.296396113756714, 47.463902110920785 ], [ -122.296392322082923, 47.463901153158488 ], [ -122.296388538315441, 47.463900193494894 ], [ -122.296384747967991, 47.463899235715253 ], [ -122.296380956420691, 47.463898282448959 ], [ -122.296377164797946, 47.463897326484712 ], [ -122.296373374602197, 47.463896374100308 ], [ -122.296369583105744, 47.463895422632199 ], [ -122.296365787681623, 47.463894473013774 ], [ -122.296361994934912, 47.463893524260328 ], [ -122.296358202289312, 47.463892579103835 ], [ -122.296354406915995, 47.463891631283559 ], [ -122.296350611593226, 47.463890685261767 ], [ -122.296346817647077, 47.463889741021255 ], [ -122.296343018497609, 47.463888800446099 ], [ -122.296339219348226, 47.463887859870823 ], [ -122.296335424227706, 47.4638869210427 ], [ -122.296331623828209, 47.463885983182088 ], [ -122.296327827407083, 47.463885045270068 ], [ -122.296324020478153, 47.463884111091822 ], [ -122.296320225484237, 47.463883176759559 ], [ -122.296316422584354, 47.463882244328296 ], [ -122.296312619760187, 47.463881314594694 ], [ -122.296308815610146, 47.463880384878131 ], [ -122.296305015438463, 47.463879455110067 ], [ -122.296301212690338, 47.463878528073963 ], [ -122.296297402061455, 47.463877603838121 ], [ -122.296293603367559, 47.463876679448255 ], [ -122.296289796742442, 47.463875756060141 ], [ -122.296285990167831, 47.46387483447046 ], [ -122.296282182317796, 47.463873914696286 ], [ -122.296278371840799, 47.463872995855411 ], [ -122.296274571972731, 47.463872076877692 ], [ -122.296270761571719, 47.463871160734399 ], [ -122.296266627906249, 47.463870259554007 ], [ -122.296262817581066, 47.463869346108297 ], [ -122.296259007533422, 47.463868442554492 ], [ -122.296255193356345, 47.463867533656156 ], [ -122.296251379280193, 47.463866628354815 ], [ -122.296247561427606, 47.46386573029887 ], [ -122.296243747477831, 47.463864829493637 ], [ -122.296239925748083, 47.463863935085818 ], [ -122.296236107946342, 47.463863038827952 ], [ -122.296232286292479, 47.463862147117709 ], [ -122.296228464739613, 47.463861259004418 ], [ -122.296224639309415, 47.463860374539316 ], [ -122.296220813879359, 47.463859490074171 ], [ -122.296216985847707, 47.463858607441615 ], [ -122.296213162021289, 47.463857732851096 ], [ -122.296209332714156, 47.463856852033906 ], [ -122.296205503583636, 47.463855977511507 ], [ -122.296201670475043, 47.463855103040281 ], [ -122.296197837517752, 47.463854233964611 ], [ -122.296194007212819, 47.463853364854572 ], [ -122.296190170353128, 47.463852498527672 ], [ -122.296186337547496, 47.463851634847245 ], [ -122.296182500763749, 47.463850771217963 ], [ -122.296178662805261, 47.463849913001262 ], [ -122.296174826097356, 47.463849052069534 ], [ -122.296170985562597, 47.463848196584621 ], [ -122.296167142375751, 47.463847341133778 ], [ -122.296163303268088, 47.46384648922858 ], [ -122.296159462884972, 47.463845639138945 ], [ -122.296155615871498, 47.463844789134633 ], [ -122.29615177291204, 47.463843941776716 ], [ -122.296147928651791, 47.463843095335037 ], [ -122.296144083116062, 47.463842250708879 ], [ -122.296140239032525, 47.463841410561912 ], [ -122.296136390895271, 47.463840567768216 ], [ -122.296132541381567, 47.463839723192962 ], [ -122.296128693521837, 47.463838890291029 ], [ -122.296124844159664, 47.463838051111168 ], [ -122.296120992321889, 47.463837218260281 ], [ -122.296117139057344, 47.463836381829289 ], [ -122.296113291273699, 47.463835551624669 ], [ -122.296109436758897, 47.463834717908291 ], [ -122.296105582345106, 47.463833887788866 ], [ -122.296101730659132, 47.463833060333016 ], [ -122.296097873643802, 47.46383223204608 ], [ -122.296094022033785, 47.463831407287763 ], [ -122.296090165119466, 47.463830582597652 ], [ -122.296086309506208, 47.463829756991096 ], [ -122.296082452592202, 47.463828932300721 ], [ -122.296078586546841, 47.463828113125579 ], [ -122.296074736364332, 47.463827291946551 ], [ -122.296070874247164, 47.463826470921319 ], [ -122.296067020137031, 47.463825651591939 ], [ -122.296063159396581, 47.463824832347825 ], [ -122.296059300057962, 47.463824015784347 ], [ -122.296055439418538, 47.463823200137121 ], [ -122.296051580029754, 47.463822381774825 ], [ -122.296047719441034, 47.463821567925905 ], [ -122.296043860102898, 47.463820751361901 ], [ -122.296039995536148, 47.463819937563954 ], [ -122.296036135023343, 47.463819126412467 ], [ -122.296032271782963, 47.463818312597155 ], [ -122.296028407292127, 47.463817501496706 ], [ -122.296024548055428, 47.463816688529135 ], [ -122.296020683564905, 47.463815877428367 ], [ -122.296016815045789, 47.463815064580224 ], [ -122.296012955935481, 47.463814256108627 ], [ -122.296009091445313, 47.463813445007482 ], [ -122.296005228356961, 47.463812636586937 ], [ -122.29600135996435, 47.463811828234618 ], [ -122.295997499452781, 47.463811017081781 ], [ -122.295993636364827, 47.463810208660817 ], [ -122.295989771950815, 47.463809400256835 ], [ -122.295985908863074, 47.463808591835623 ], [ -122.29598204444936, 47.463807783431378 ], [ -122.29597818003576, 47.463806975026976 ], [ -122.29597431694836, 47.46380616660538 ], [ -122.29597044457843, 47.463805358303297 ], [ -122.295966582817357, 47.463804549864335 ], [ -122.295962721056469, 47.463803741425231 ], [ -122.295958856643466, 47.463802933020197 ], [ -122.295954993556663, 47.463802124597926 ], [ -122.295951129143916, 47.46380131619263 ], [ -122.295947263405139, 47.463800507804272 ], [ -122.295943401569161, 47.463799696666683 ], [ -122.295939537156784, 47.46379888826101 ], [ -122.295935673994961, 47.463798077140247 ], [ -122.295931809582811, 47.463797268734304 ], [ -122.295927943794283, 47.46379645854671 ], [ -122.295924081958887, 47.463795647408489 ], [ -122.295920221399356, 47.463794834454497 ], [ -122.295916358162529, 47.463794020635255 ], [ -122.295912493675289, 47.463793209530813 ], [ -122.295908631764817, 47.46379239569422 ], [ -122.295904765876159, 47.463791581908801 ], [ -122.295900909345917, 47.463790770701401 ], [ -122.295897050012343, 47.463789954132395 ], [ -122.295893189378035, 47.463789138479669 ], [ -122.29588932999431, 47.463788320111824 ], [ -122.295885469334976, 47.463787503559573 ], [ -122.295881609926269, 47.463786684292209 ], [ -122.295877749191618, 47.463785865041835 ], [ -122.295873891134448, 47.463785046656412 ], [ -122.295870032926231, 47.463784222875233 ], [ -122.295866174844093, 47.463783403590256 ], [ -122.295862320589123, 47.463782578858257 ], [ -122.295858463782949, 47.463781757757417 ], [ -122.295854608151686, 47.463780931243697 ], [ -122.29585075382154, 47.463780103813427 ], [ -122.295846899516647, 47.463779277282342 ], [ -122.295843041158008, 47.463778448104591 ], [ -122.295839190730831, 47.463777617924862 ], [ -122.2958353363003, 47.463776786897029 ], [ -122.295831485873364, 47.463775956717058 ], [ -122.295825977122945, 47.463774743990889 ], [ -122.29582236097653, 47.463773847818999 ], [ -122.295818341626415, 47.463773096281763 ], [ -122.295814425201826, 47.463772419883782 ], [ -122.295810503397348, 47.463771740856146 ], [ -122.295806590976426, 47.463771065305899 ], [ -122.295802670347072, 47.463770380865284 ], [ -122.295798757749921, 47.463769699019821 ], [ -122.295794839848554, 47.463769017242583 ], [ -122.295790927176, 47.463768332699019 ], [ -122.295787010525274, 47.463767648206591 ], [ -122.295783095251139, 47.463766965495466 ], [ -122.295779179825942, 47.463766277388572 ], [ -122.295775267002583, 47.463765587448826 ], [ -122.295771354254953, 47.463764900206804 ], [ -122.295767441431806, 47.463764210266781 ], [ -122.295763527282702, 47.463763520343711 ], [ -122.295759614384139, 47.463762827705615 ], [ -122.295755701485689, 47.463762135067334 ], [ -122.295751788587353, 47.463761442428954 ], [ -122.295747877015259, 47.46376074977335 ], [ -122.295743965367592, 47.463760054419794 ], [ -122.295740056372225, 47.463759359031911 ], [ -122.295736143398699, 47.463758663695138 ], [ -122.295732230500874, 47.463757971056076 ], [ -122.295728320129371, 47.463757273886316 ], [ -122.295724411008408, 47.463756574001536 ], [ -122.295720497959692, 47.463755875966434 ], [ -122.295716588889348, 47.463755177879889 ], [ -122.295712675840832, 47.463754479844539 ], [ -122.29570876544463, 47.463753781774862 ], [ -122.295704856299011, 47.463753080990102 ], [ -122.295700947153478, 47.463752380205214 ], [ -122.295697038108884, 47.463751683017321 ], [ -122.295693124934871, 47.463750980484882 ], [ -122.295689213213066, 47.463750282431597 ], [ -122.295685305394102, 47.463749581629095 ], [ -122.29568139632471, 47.463748883541392 ], [ -122.295677487104186, 47.463748180057834 ], [ -122.29567357795942, 47.46374747927203 ], [ -122.295669662209448, 47.463746779470796 ], [ -122.295665758318819, 47.463746076817777 ], [ -122.295661845347283, 47.463745381478503 ], [ -122.295657936127299, 47.463744677994271 ], [ -122.29565402698303, 47.463743977207805 ], [ -122.295650117838861, 47.463743276421205 ], [ -122.295646207368733, 47.46374257565148 ], [ -122.295642294347331, 47.463741878512941 ], [ -122.295638385153069, 47.463741175927368 ], [ -122.295634476084928, 47.463740477838044 ], [ -122.295630567016914, 47.463739779748543 ], [ -122.295626652644643, 47.463739081727304 ], [ -122.2956227435768, 47.463738383637583 ], [ -122.295618834509071, 47.463737685547656 ], [ -122.295614921463184, 47.463736987508916 ], [ -122.295611008492997, 47.463736292167845 ], [ -122.295607098099538, 47.463735594094686 ], [ -122.295603185154732, 47.463734899652565 ], [ -122.295599276163159, 47.463734204259865 ], [ -122.295595363218595, 47.463733509817558 ], [ -122.295591447596706, 47.463732814509974 ], [ -122.29558753602889, 47.463732121848871 ], [ -122.29558362313503, 47.463731429204664 ], [ -122.295579714295158, 47.463730739206895 ], [ -122.295575801401498, 47.463730046562496 ], [ -122.295571883405188, 47.463729361180405 ], [ -122.295567970587356, 47.463728671233525 ], [ -122.295564057820002, 47.463727983085015 ], [ -122.295560145077971, 47.463727295835717 ], [ -122.295556227031696, 47.463726608654575 ], [ -122.295552314365452, 47.463725924102789 ], [ -122.295548397721035, 47.463725239602141 ], [ -122.29554448115239, 47.463724557799168 ], [ -122.29554056325766, 47.463723876013141 ], [ -122.295536646714396, 47.463723195109182 ], [ -122.295532734199867, 47.463722515952369 ], [ -122.295528811076679, 47.463721836932145 ], [ -122.295524895985821, 47.463721160507056 ], [ -122.295520979669718, 47.463720487696023 ], [ -122.29551705927463, 47.463719811338983 ], [ -122.295513141607444, 47.463719137645512 ], [ -122.295509221389025, 47.463718467583178 ], [ -122.29550530114544, 47.463717796621395 ], [ -122.295501379651483, 47.463717128374427 ], [ -122.295497459584482, 47.463716463707343 ], [ -122.295493539416853, 47.463715795442958 ], [ -122.295489614121294, 47.463715133541783 ], [ -122.295485694180599, 47.463714473370644 ], [ -122.295481770211339, 47.463713811452052 ], [ -122.295477848995134, 47.4637131530963 ], [ -122.295473921148641, 47.463712494825842 ], [ -122.295469994678697, 47.463711838336685 ], [ -122.295466076291333, 47.463711186241241 ], [ -122.295462144668434, 47.463710535215824 ], [ -122.29545821967605, 47.463709884104844 ], [ -122.29545429218274, 47.463709238423533 ], [ -122.295450362062581, 47.463708593675555 ], [ -122.295446439823493, 47.463707946127087 ], [ -122.295442508503456, 47.463707305892278 ], [ -122.295438575857361, 47.463706665674394 ], [ -122.295434648515752, 47.463706025388078 ], [ -122.295430716096689, 47.463705393263439 ], [ -122.295426784928154, 47.463704758423738 ], [ -122.295422848606606, 47.463704129047919 ], [ -122.295418917589444, 47.463703499603589 ], [ -122.295414981343669, 47.463702872925289 ], [ -122.295411050452671, 47.463702247977075 ], [ -122.295407114333088, 47.463701625794904 ], [ -122.295403175586529, 47.463701004546024 ], [ -122.295399239643501, 47.463700388658516 ], [ -122.295395301073555, 47.463699773704278 ], [ -122.295391361227956, 47.463699160565561 ], [ -122.295387422834565, 47.463698551905992 ], [ -122.295383483039572, 47.463697940565524 ], [ -122.295379543547071, 47.463697340016232 ], [ -122.295375601326867, 47.463696736803151 ], [ -122.295371657982173, 47.463696140801261 ], [ -122.295367715787364, 47.463695538487165 ], [ -122.295363768540241, 47.463694945234039 ], [ -122.29535994374703, 47.463694366595767 ], [ -122.295355996575665, 47.463693776040209 ], [ -122.295352049479987, 47.463693188182312 ], [ -122.29534810381125, 47.463692603904356 ], [ -122.295344156740882, 47.46369201694548 ], [ -122.295340205818363, 47.463691434534091 ], [ -122.295336260124699, 47.463690849356389 ], [ -122.295332309277939, 47.463690269642569 ], [ -122.295328358431291, 47.463689689928593 ], [ -122.295324408910773, 47.463689110197414 ], [ -122.295320458215457, 47.463688535878774 ], [ -122.295316503466367, 47.463687958913503 ], [ -122.295312552846724, 47.463687387292474 ], [ -122.295308599499535, 47.463686813007619 ], [ -122.295304648955678, 47.463686244084137 ], [ -122.295300690505783, 47.463685677061562 ], [ -122.295296735958701, 47.463685107289741 ], [ -122.295292776208115, 47.46368454118327 ], [ -122.295288824414172, 47.463683974974181 ], [ -122.29528486606543, 47.463683411548118 ], [ -122.295280911795757, 47.463682851667798 ], [ -122.29527695352273, 47.463682290939325 ], [ -122.295272996651548, 47.463681732891452 ], [ -122.295269038504685, 47.463681176659065 ], [ -122.295265076304048, 47.463680617780014 ], [ -122.295261118182552, 47.46368006244662 ], [ -122.295257156183652, 47.463679510761473 ], [ -122.295253196811842, 47.463678958142744 ], [ -122.295249237540844, 47.463678409120938 ], [ -122.29524527559262, 47.46367785923389 ], [ -122.295241313745223, 47.463677312943815 ], [ -122.295237347894414, 47.463676765805616 ], [ -122.295233386122746, 47.463676222213103 ], [ -122.295229424325981, 47.463675677721127 ], [ -122.295225458651785, 47.463675136877448 ], [ -122.295221491651603, 47.463674596050687 ], [ -122.295217528680183, 47.463674056971051 ], [ -122.295213567135676, 47.463673521471328 ], [ -122.295209597634681, 47.463672986073931 ], [ -122.295205632137325, 47.463672451524467 ], [ -122.295201662661697, 47.463671917026083 ], [ -122.295197697214832, 47.463671384274868 ], [ -122.295193727865339, 47.463670854272621 ], [ -122.295189762569848, 47.463670326916777 ], [ -122.295185793296099, 47.463669799612035 ], [ -122.295181824047631, 47.463669273206456 ], [ -122.295177854799221, 47.463668746800714 ], [ -122.295173881698659, 47.463668224942467 ], [ -122.295169912500782, 47.46366770033498 ], [ -122.295165942128094, 47.463667181140146 ], [ -122.295161969103361, 47.46366666197931 ], [ -122.295157996078615, 47.46366614281834 ], [ -122.295154027107813, 47.463665626303801 ], [ -122.295150054209259, 47.463665111638903 ], [ -122.295146081335929, 47.463664597873191 ], [ -122.29514210851309, 47.463664085905826 ], [ -122.295138135639931, 47.463663572139815 ], [ -122.295134158939689, 47.463663063820597 ], [ -122.295130186217861, 47.463662555449915 ], [ -122.295126211045471, 47.463662054307491 ], [ -122.295122238298561, 47.463661545037276 ], [ -122.295118261674261, 47.463661039415314 ], [ -122.295114285125578, 47.463660536490991 ], [ -122.295110308602204, 47.463660034465832 ], [ -122.295106332129251, 47.463659534239056 ], [ -122.295102351678153, 47.46365903406339 ], [ -122.29509837920881, 47.463658534684406 ], [ -122.295094398984574, 47.463658042601949 ], [ -122.295090422637884, 47.463657546870962 ], [ -122.295086446291322, 47.463657051139904 ], [ -122.295082466117634, 47.463656560855604 ], [ -122.295078489922361, 47.463656070519868 ], [ -122.295074509748829, 47.463655580235276 ], [ -122.295070529651028, 47.463655092648352 ], [ -122.295066546875873, 47.463654604196172 ], [ -122.295062566803409, 47.463654117508263 ], [ -122.295058588157815, 47.463653634400217 ], [ -122.295054604283493, 47.4636531540582 ], [ -122.295050624286816, 47.463652670067646 ], [ -122.295046640412679, 47.463652189725337 ], [ -122.295042660592415, 47.463651712029495 ], [ -122.295038680747098, 47.46365123343417 ], [ -122.295034696948719, 47.463650755789288 ], [ -122.295030710573869, 47.463650280876223 ], [ -122.295026732231122, 47.463649808558351 ], [ -122.295022748533782, 47.463649334510137 ], [ -122.295018764912072, 47.463648863159605 ], [ -122.295014781416384, 47.463648396305267 ], [ -122.295010797769564, 47.463647924055195 ], [ -122.295006810371305, 47.463647459949684 ], [ -122.29500282422363, 47.463646993129103 ], [ -122.294998842054312, 47.463646526257186 ], [ -122.294994858634553, 47.463646062100004 ], [ -122.294990871312152, 47.463645600691741 ], [ -122.294986887968037, 47.463645139232113 ], [ -122.294982900645792, 47.463644677823559 ], [ -122.294978910746963, 47.463644219146879 ], [ -122.294974928880336, 47.463643763065384 ], [ -122.294970941709423, 47.463643307052102 ], [ -122.294966954588972, 47.463642852837189 ], [ -122.294962967468578, 47.463642398622163 ], [ -122.294958980373451, 47.463641945306286 ], [ -122.294954992027826, 47.463641494705158 ], [ -122.294951005008414, 47.463641044086778 ], [ -122.29494701811501, 47.463640597964641 ], [ -122.294943031146104, 47.463640149144602 ], [ -122.294939040299724, 47.463639703972703 ], [ -122.2949350521056, 47.463639258766548 ], [ -122.29493106526283, 47.463638814442426 ], [ -122.29492707449225, 47.463638371967903 ], [ -122.294923087699999, 47.463637929442029 ], [ -122.294919096954658, 47.463637487866571 ], [ -122.294915109063169, 47.463637053450974 ], [ -122.2949111183936, 47.463636614573062 ], [ -122.294907127774493, 47.463636177493534 ], [ -122.294903141234457, 47.463635743959699 ], [ -122.294899148114425, 47.463635312309705 ], [ -122.294895061840705, 47.463634870164704 ], [ -122.294891067445093, 47.463634440330026 ], [ -122.294887081132018, 47.463634014889109 ], [ -122.29488308558679, 47.463633591366204 ], [ -122.294879095446689, 47.463633171371896 ], [ -122.294875101555093, 47.46363275952222 ], [ -122.294871105011353, 47.463632347706479 ], [ -122.29486710854323, 47.463631938588513 ], [ -122.294863114803007, 47.463631532133981 ], [ -122.294859117235632, 47.463631131126249 ], [ -122.29485511834217, 47.463630730135435 ], [ -122.294851120926111, 47.463630334523067 ], [ -122.294847116955111, 47.463629941693789 ], [ -122.294843121041538, 47.463629552358974 ], [ -122.294839119874013, 47.463629164890889 ], [ -122.294835117456032, 47.46362878013759 ], [ -122.294831116464906, 47.463628398964183 ], [ -122.294827115524242, 47.463628019589137 ], [ -122.294823109380019, 47.463627643879398 ], [ -122.294819108515028, 47.463627267201915 ], [ -122.294815102522051, 47.463626896887511 ], [ -122.294811097956014, 47.463626530153007 ], [ -122.294807090662189, 47.463626160754721 ], [ -122.29480308754826, 47.463625798499216 ], [ -122.294799079129973, 47.463625436311908 ], [ -122.294795073464712, 47.463625077687361 ], [ -122.294791061169079, 47.463624719148108 ], [ -122.294787055629826, 47.463624365019669 ], [ -122.294783047438457, 47.463624010925265 ], [ -122.294779038072164, 47.463623662243442 ], [ -122.294775029956526, 47.463623310846586 ], [ -122.294771020665905, 47.463622964862324 ], [ -122.294767008723156, 47.463622618912034 ], [ -122.294762999508265, 47.46362227562534 ], [ -122.294758987716705, 47.463621935070407 ], [ -122.294754974649521, 47.463621596331002 ], [ -122.294750962908537, 47.463621257574403 ], [ -122.29474694994218, 47.463620922431794 ], [ -122.294742938302022, 47.463620587271983 ], [ -122.294738925335778, 47.46362025212909 ], [ -122.294734913796404, 47.463619920566089 ], [ -122.294730897078708, 47.46361959356765 ], [ -122.294726882862037, 47.46361926113925 ], [ -122.294722868897352, 47.463618937703444 ], [ -122.294718854756411, 47.463618607972606 ], [ -122.294714840615526, 47.463618278241604 ], [ -122.294710824074386, 47.46361795753738 ], [ -122.294706808758576, 47.463617633218774 ], [ -122.294702792217464, 47.46361731251428 ], [ -122.29469877697737, 47.463616990893271 ], [ -122.294694760436357, 47.463616670188486 ], [ -122.29469074394585, 47.463616351282056 ], [ -122.294686732784839, 47.463616033206485 ], [ -122.294682712316146, 47.463615714351022 ], [ -122.294678697252522, 47.463615399024249 ], [ -122.294674676783927, 47.463615080168495 ], [ -122.294670659068274, 47.463614764875572 ], [ -122.294666645356102, 47.463614450430541 ], [ -122.29466262493797, 47.463614133372936 ], [ -122.294658609950176, 47.463613820743262 ], [ -122.294654589557339, 47.463613504584643 ], [ -122.294650571917458, 47.463613191988834 ], [ -122.294646554302815, 47.463612880292153 ], [ -122.294642537938742, 47.463612565880432 ], [ -122.294638518972931, 47.463612253301243 ], [ -122.294634502558608, 47.46361193709069 ], [ -122.294630480940697, 47.463611624545379 ], [ -122.294626467304568, 47.463611312796765 ], [ -122.294622446962521, 47.463610998435556 ], [ -122.294618431975167, 47.463610685804454 ], [ -122.294614411658401, 47.463610372342231 ], [ -122.29461039667116, 47.463610059710838 ], [ -122.294606376329298, 47.463609745349032 ], [ -122.294602359965722, 47.46360943093589 ], [ -122.294598344903122, 47.463609115606246 ], [ -122.294594324510996, 47.463608799445538 ], [ -122.294590309448481, 47.463608484115568 ], [ -122.294586293034726, 47.463608167903324 ], [ -122.294582272667981, 47.46360785264141 ], [ -122.294578257555202, 47.463607535512494 ], [ -122.294574241040849, 47.463607215702737 ], [ -122.29457022592824, 47.463606898573545 ], [ -122.294566209338441, 47.463606576065636 ], [ -122.294562191573718, 47.463606258970309 ], [ -122.294558177560674, 47.463605933730115 ], [ -122.294554160996285, 47.463605612121086 ], [ -122.294550145707575, 47.463605288696264 ], [ -122.294546129067712, 47.463604964389106 ], [ -122.294542113703557, 47.463604638266155 ], [ -122.294538100966477, 47.463604311209671 ], [ -122.294534085501752, 47.463603981489321 ], [ -122.29453007263885, 47.463603649936189 ], [ -122.294526051945439, 47.463603322981676 ], [ -122.294522040383526, 47.463602990511895 ], [ -122.294518027470431, 47.463602657159754 ], [ -122.29451401978622, 47.463602321041357 ], [ -122.294510006747331, 47.463601983192561 ], [ -122.294505995110072, 47.463601648024344 ], [ -122.294498029033889, 47.463600983248178 ], [ -122.29442860938795, 47.463595046508964 ], [ -122.294043866205342, 47.463578302649488 ], [ -122.293957288591898, 47.463574536832432 ], [ -122.293836013475172, 47.463572434720625 ], [ -122.293714733601689, 47.463571631561528 ], [ -122.293388301875567, 47.46357590796984 ], [ -122.293174682755918, 47.463575068920122 ], [ -122.29184758897992, 47.463569834034573 ], [ -122.291847492175449, 47.463569835278903 ], [ -122.291728194285895, 47.46356936436031 ], [ -122.291232911861428, 47.463567413208068 ], [ -122.290987839101476, 47.463566444308128 ], [ -122.29074081844756, 47.463558664750003 ], [ -122.290477177398969, 47.463550364021259 ], [ -122.290246547741035, 47.463536352785333 ], [ -122.289968001068331, 47.463519429797444 ], [ -122.289762574895462, 47.463502702899582 ], [ -122.288924678817708, 47.465142638300463 ] ] ] ] } },
{ "type": "Feature", "properties": { "OBJECTID": 2559, "votdst": "3953", "NAME": "SET 33-3953", "SUM_VOTERS": 349, "Shape_Length": 6130.6802631281234, "Shape_Area": 2295944.6333237542 }, "geometry": { "type": "MultiPolygon", "coordinates": [ [ [ [ -122.281370817789309, 47.412812972210226 ], [ -122.281436773763645, 47.412812391451936 ], [ -122.282943173297141, 47.412799123727176 ], [ -122.283005456509187, 47.412798575528605 ], [ -122.283595135509046, 47.412793377275861 ], [ -122.283739209090555, 47.412792107002993 ], [ -122.283784827025741, 47.412791703236095 ], [ -122.283908349294293, 47.412790612943802 ], [ -122.284029848385032, 47.412789541211609 ], [ -122.284062224820204, 47.412789255512926 ], [ -122.284106564241526, 47.412788865279779 ], [ -122.285033802593333, 47.412780678403536 ], [ -122.286117259846492, 47.412771100886026 ], [ -122.286127472562697, 47.412771011381984 ], [ -122.286160067567025, 47.412770722282715 ], [ -122.286530501629343, 47.412767446735167 ], [ -122.286596313549538, 47.412761880158591 ], [ -122.286595242866255, 47.412494003172945 ], [ -122.286594401367438, 47.412277946281655 ], [ -122.286593391239535, 47.41202553437995 ], [ -122.286592767152669, 47.411864970784897 ], [ -122.28659240751395, 47.411779453499214 ], [ -122.286590423491262, 47.411279836105486 ], [ -122.286588739713864, 47.410856360276313 ], [ -122.286588462309538, 47.410786944708164 ], [ -122.286587368797768, 47.410512099765619 ], [ -122.286587237315146, 47.41051180368504 ], [ -122.286323348845187, 47.40992378952464 ], [ -122.28631293720008, 47.409900890630745 ], [ -122.286302162764841, 47.409878050362146 ], [ -122.286291107148784, 47.409855296459639 ], [ -122.286279733859175, 47.409832603302711 ], [ -122.286268077289265, 47.409809968651231 ], [ -122.286256099647616, 47.409787415479386 ], [ -122.286243801159742, 47.409764951880547 ], [ -122.286231226016199, 47.409742546701985 ], [ -122.286218360395708, 47.409720227108593 ], [ -122.286205181803311, 47.409697994288166 ], [ -122.286191680190882, 47.409675820482022 ], [ -122.286177899500601, 47.409653760901712 ], [ -122.286163837557666, 47.40963178498874 ], [ -122.286149454695774, 47.409609895950233 ], [ -122.286134791981553, 47.409588093259657 ], [ -122.28611984863997, 47.409566349039487 ], [ -122.286116022176188, 47.409560942033188 ], [ -122.285206630093128, 47.408263808953585 ], [ -122.285190332619621, 47.408264023103584 ], [ -122.285188546765923, 47.40826160807412 ], [ -122.28518269682219, 47.408253716186046 ], [ -122.284688408045355, 47.407586537181331 ], [ -122.283998953501808, 47.407159151269028 ], [ -122.283920214470754, 47.407110341200735 ], [ -122.283839552766011, 47.407060335833364 ], [ -122.283734134608025, 47.406994988848808 ], [ -122.283452965660814, 47.406911460620854 ], [ -122.281691649660274, 47.408305476129861 ], [ -122.28168975650614, 47.408306975655968 ], [ -122.28168617101133, 47.40830980931544 ], [ -122.281599385941703, 47.408310940700972 ], [ -122.281559732990999, 47.408311458139281 ], [ -122.28152865865296, 47.408311863260757 ], [ -122.281521080179928, 47.408311962785547 ], [ -122.281518645400908, 47.408311993893264 ], [ -122.281517904899573, 47.408312003354197 ], [ -122.281505603909011, 47.408312163214603 ], [ -122.281475271396118, 47.408312558843662 ], [ -122.281423040616701, 47.408313240526311 ], [ -122.281370779343163, 47.408313921674896 ], [ -122.281319175039428, 47.408314591708006 ], [ -122.281295247322717, 47.408314902770933 ], [ -122.281289194891173, 47.40831498278591 ], [ -122.281288839874392, 47.40831498732102 ], [ -122.281288747146121, 47.408314988505573 ], [ -122.281291890854149, 47.408887628570014 ], [ -122.281295840362191, 47.409602684000923 ], [ -122.281302212176669, 47.410754915194268 ], [ -122.281298382923566, 47.410791653184376 ], [ -122.281293503648115, 47.410835641827553 ], [ -122.281288304375721, 47.41087960846977 ], [ -122.281282816002218, 47.410923520330947 ], [ -122.281276961559271, 47.410967469253293 ], [ -122.281270786169586, 47.411011362002029 ], [ -122.281264287603193, 47.411055261577211 ], [ -122.281066630274708, 47.411863569438118 ], [ -122.28106528302699, 47.411871812539594 ], [ -122.281062937640399, 47.41188774553094 ], [ -122.281060916271571, 47.411903702271537 ], [ -122.281059426174394, 47.411916975932336 ], [ -122.281057801624897, 47.411935630887321 ], [ -122.281056710445114, 47.411951630623193 ], [ -122.281055982180163, 47.411967623025404 ], [ -122.281055538365422, 47.411983645979312 ], [ -122.281055415550455, 47.411999631548611 ], [ -122.281055655223824, 47.412015642175092 ], [ -122.281056181025676, 47.412031648247691 ], [ -122.281057069818786, 47.412047649684453 ], [ -122.281058239491685, 47.412063648433538 ], [ -122.281059732964977, 47.41207961515979 ], [ -122.281061589455305, 47.412095578149412 ], [ -122.281063727303632, 47.412111507859009 ], [ -122.281066188500802, 47.412127437037341 ], [ -122.281068972124885, 47.412143332411212 ], [ -122.281072076851373, 47.41215919399739 ], [ -122.281220249873599, 47.412682608237141 ], [ -122.281254773040459, 47.412804513982273 ], [ -122.281257863216538, 47.412814349364609 ], [ -122.281258054821777, 47.412813898918969 ], [ -122.281370817789309, 47.412812972210226 ] ] ] ] } },
{ "type": "Feature", "properties": { "OBJECTID": 2560, "votdst": "3958", "NAME": "SET 33-3958", "SUM_VOTERS": 549, "Shape_Length": 9521.4753562520764, "Shape_Area": 4239372.8419071846 }, "geometry": { "type": "MultiPolygon", "coordinates": [ [ [ [ -122.292432786886963, 47.47649586190068 ], [ -122.292671000482244, 47.476846740127662 ], [ -122.292904917058237, 47.477191273409709 ], [ -122.293087676218946, 47.477460464288704 ], [ -122.293124764450198, 47.477514884410809 ], [ -122.293186166675142, 47.477604988350478 ], [ -122.29324293774792, 47.477692327987675 ], [ -122.293360708242915, 47.477873509070989 ], [ -122.293362237663501, 47.477875860740305 ], [ -122.293407520922912, 47.477945522521004 ], [ -122.293407973155084, 47.477946224687983 ], [ -122.293413204837634, 47.477954554245528 ], [ -122.293413616621933, 47.477955233543248 ], [ -122.293413664885165, 47.477955298593095 ], [ -122.293413910238684, 47.477955673268497 ], [ -122.293413946261822, 47.477955727680616 ], [ -122.293414089531325, 47.477955963331773 ], [ -122.293609252620868, 47.477953949121378 ], [ -122.293819812949252, 47.477951776030082 ], [ -122.294156752159935, 47.477948298081586 ], [ -122.294416449121087, 47.477945617389942 ], [ -122.294683192677837, 47.477942863368234 ], [ -122.295504375933405, 47.477934378894354 ], [ -122.295804473225346, 47.477931341880399 ], [ -122.295804898592792, 47.477849058108518 ], [ -122.29580628888688, 47.477578875102658 ], [ -122.295808683065573, 47.477112669877428 ], [ -122.29581037102804, 47.476784238455522 ], [ -122.295811519865225, 47.476560491404506 ], [ -122.295812498495991, 47.476370053326995 ], [ -122.295813478768039, 47.476179721381712 ], [ -122.295813736878273, 47.476129337773571 ], [ -122.296257426910927, 47.476122737088438 ], [ -122.297121062688873, 47.476109885330047 ], [ -122.297518858226283, 47.476106452570583 ], [ -122.299148296908712, 47.476092481581091 ], [ -122.299864880333942, 47.47608544829987 ], [ -122.301481175137752, 47.47606956525199 ], [ -122.301981823243807, 47.47606464148317 ], [ -122.302361943779445, 47.476060901389147 ], [ -122.302365882874867, 47.475863780174784 ], [ -122.302372887101626, 47.475513472984964 ], [ -122.302379457685504, 47.475184805916868 ], [ -122.302386745922504, 47.47482023007673 ], [ -122.302391309768609, 47.47459191520354 ], [ -122.302397960627133, 47.474259227680129 ], [ -122.30239876960799, 47.473963443648245 ], [ -122.30239962965733, 47.473648788023944 ], [ -122.302401004472671, 47.473143532646098 ], [ -122.302402340032089, 47.472656344470153 ], [ -122.302402972125279, 47.472423498829919 ], [ -122.299833384299191, 47.47245316293305 ], [ -122.298450663598842, 47.472462975311693 ], [ -122.297142531852657, 47.472472244188857 ], [ -122.291883990899663, 47.472506550725448 ], [ -122.291882098115266, 47.472506522874944 ], [ -122.289745556256051, 47.472474552248002 ], [ -122.289775699970363, 47.472519716562559 ], [ -122.289887997148767, 47.472690192181012 ], [ -122.290075576051109, 47.472974936356671 ], [ -122.290368757001787, 47.473419990460954 ], [ -122.290655659018782, 47.473855493401636 ], [ -122.290883175000872, 47.474200846748772 ], [ -122.290934289783692, 47.474278438263092 ], [ -122.290970408907086, 47.474333239410306 ], [ -122.290970429556324, 47.474333266133058 ], [ -122.291230748874128, 47.474693177642912 ], [ -122.291232225782423, 47.474695366285985 ], [ -122.291238984393516, 47.47470537206344 ], [ -122.291396978962865, 47.474939287326677 ], [ -122.291484813247337, 47.475069332957503 ], [ -122.291578971876831, 47.475208733157949 ], [ -122.291675884127613, 47.47535221086995 ], [ -122.291709149483083, 47.475401462863466 ], [ -122.291712393887934, 47.475406264613206 ], [ -122.291869106086935, 47.475638154565367 ], [ -122.291869182256789, 47.47563826873516 ], [ -122.291869185852065, 47.475638397331544 ], [ -122.291972691268285, 47.47580150928863 ], [ -122.292200732086329, 47.476154052073717 ], [ -122.292432786886963, 47.47649586190068 ] ] ] ] } },
{ "type": "Feature", "properties": { "OBJECTID": 2561, "votdst": "3995", "NAME": "SET 33-3995", "SUM_VOTERS": 618, "Shape_Length": 19355.280445379238, "Shape_Area": 16832453.622307327 }, "geometry": { "type": "MultiPolygon", "coordinates": [ [ [ [ -122.320047969851757, 47.422943873362222 ], [ -122.320070075346678, 47.422944365252391 ], [ -122.320070705797065, 47.422941367601666 ], [ -122.320071707278998, 47.422936596464396 ], [ -122.320173226384881, 47.422452635814686 ], [ -122.32019053022232, 47.42237015181118 ], [ -122.320207832603288, 47.42228766512482 ], [ -122.320210686118017, 47.422274058977557 ], [ -122.320234914366154, 47.422167542255977 ], [ -122.32025487751028, 47.422060144430773 ], [ -122.320270543818594, 47.421952036212922 ], [ -122.320281768608524, 47.421844045437602 ], [ -122.320288601846684, 47.421735688110587 ], [ -122.320291032275705, 47.421627142744597 ], [ -122.320277376473982, 47.421108200930789 ], [ -122.320244216161058, 47.419847920220718 ], [ -122.320211057217861, 47.418587631463545 ], [ -122.320177896815366, 47.417327328399871 ], [ -122.320175733623259, 47.417245105103255 ], [ -122.320161322673584, 47.416697322100227 ], [ -122.320160981595478, 47.416617787213369 ], [ -122.320164231992678, 47.416526369946524 ], [ -122.320171353071856, 47.416435172512408 ], [ -122.320182332041739, 47.41634435872502 ], [ -122.320183397259001, 47.416336942814979 ], [ -122.320183817370278, 47.416334101754138 ], [ -122.320191486416306, 47.41628569874895 ], [ -122.3202042900066, 47.416216999911015 ], [ -122.320205684689725, 47.416210216598905 ], [ -122.320206227096989, 47.416207574545588 ], [ -122.320219342932745, 47.416148355232401 ], [ -122.320219360501753, 47.416148274037639 ], [ -122.320240449446629, 47.416065860918117 ], [ -122.320220127925708, 47.416066105866015 ], [ -122.319589020121029, 47.416073717795854 ], [ -122.318856617136234, 47.416082545669283 ], [ -122.318816229717868, 47.416083029916273 ], [ -122.318813348203378, 47.415854036753586 ], [ -122.318812430893672, 47.415781150314842 ], [ -122.31881242340468, 47.415780467614042 ], [ -122.317779858439152, 47.415739078781343 ], [ -122.316667140375912, 47.415694468856238 ], [ -122.316661753327736, 47.415694254170013 ], [ -122.315979212527253, 47.415666882168154 ], [ -122.315554402862546, 47.415649842892279 ], [ -122.314441652753686, 47.415605208895741 ], [ -122.314419529999611, 47.415604323049003 ], [ -122.314419360136583, 47.415604315372626 ], [ -122.313854782433793, 47.415581663199148 ], [ -122.313741447143343, 47.41557711595906 ], [ -122.313235825150826, 47.415556826809706 ], [ -122.313234703934597, 47.415556781173251 ], [ -122.313088993364389, 47.415550934981113 ], [ -122.313088245046345, 47.415550906066152 ], [ -122.313032910861097, 47.415550600094463 ], [ -122.312160973502188, 47.415545827315164 ], [ -122.311892698033404, 47.415544363547355 ], [ -122.31043911423744, 47.41553638680822 ], [ -122.310303035511879, 47.415535650817674 ], [ -122.310302269359568, 47.415535647305568 ], [ -122.309927123285689, 47.41553358039431 ], [ -122.309688342700838, 47.415532266090025 ], [ -122.309063387770152, 47.415528830800362 ], [ -122.308850466103294, 47.415527653995206 ], [ -122.308457548911832, 47.415525502264693 ], [ -122.307790413292281, 47.415521816272872 ], [ -122.307790332399406, 47.415521814626189 ], [ -122.307307002757071, 47.4155191489657 ], [ -122.306970108659968, 47.415517289190845 ], [ -122.306468062309207, 47.415514518708747 ], [ -122.305147368637805, 47.415507214795831 ], [ -122.305060704219699, 47.415506749444326 ], [ -122.30276377505119, 47.415493995552175 ], [ -122.302614669966701, 47.415493165497779 ], [ -122.302563850872374, 47.41549288405983 ], [ -122.302491113683359, 47.415492479134301 ], [ -122.30249046287129, 47.415492476773402 ], [ -122.302490463744107, 47.415490434670829 ], [ -122.30249092408566, 47.413950961794399 ], [ -122.302491003365759, 47.413682435674254 ], [ -122.302491005335796, 47.413678123867705 ], [ -122.302491259611969, 47.41282238543576 ], [ -122.302491540249832, 47.411874435034903 ], [ -122.302370379944946, 47.411873723894786 ], [ -122.302364321221347, 47.411873689063221 ], [ -122.302297684283332, 47.411873296781977 ], [ -122.299838562271205, 47.411858823505206 ], [ -122.298960067480593, 47.411853643525966 ], [ -122.297961922303173, 47.411847746569677 ], [ -122.297760028871394, 47.411846553276405 ], [ -122.297759370080684, 47.411846548293212 ], [ -122.297510053470617, 47.413777407852052 ], [ -122.297307520588603, 47.415345840483269 ], [ -122.29729386418478, 47.41545161171625 ], [ -122.297291590570936, 47.415469225529762 ], [ -122.297291305463318, 47.415471442223954 ], [ -122.297296246932277, 47.415471462972882 ], [ -122.297290140081543, 47.415507127254777 ], [ -122.297262534549219, 47.415668372442092 ], [ -122.297220265171617, 47.41599928234475 ], [ -122.297217280597579, 47.41602264657498 ], [ -122.297184067834849, 47.416282895694913 ], [ -122.297174711532946, 47.416356219540646 ], [ -122.297170182974611, 47.416391693410837 ], [ -122.297129410026628, 47.416710967434824 ], [ -122.297118140650625, 47.41679922052522 ], [ -122.29706443560579, 47.41721952088853 ], [ -122.297057448025981, 47.417274421847161 ], [ -122.297037241300075, 47.417432620757253 ], [ -122.296942535248675, 47.418174589995992 ], [ -122.296832524151355, 47.419036500475791 ], [ -122.296827223651277, 47.419078025998452 ], [ -122.296821692435074, 47.419121393278523 ], [ -122.296711917901689, 47.41998332665348 ], [ -122.296596847514749, 47.42088695177717 ], [ -122.296481681175678, 47.421791646722596 ], [ -122.29636501218117, 47.422694798315412 ], [ -122.296365993171094, 47.422694801849602 ], [ -122.296567336364532, 47.422695916207616 ], [ -122.297433613797537, 47.422700718896117 ], [ -122.297629296151911, 47.422701800115455 ], [ -122.297924935606019, 47.422703410621459 ], [ -122.298417145436559, 47.422706142719584 ], [ -122.298631391006921, 47.422707333179048 ], [ -122.298757956532626, 47.422708041749296 ], [ -122.298939877969218, 47.422709050276971 ], [ -122.299008857297395, 47.422709431522328 ], [ -122.299250302942809, 47.422710721687558 ], [ -122.299277666855545, 47.422710851872068 ], [ -122.299703251127738, 47.422713179469923 ], [ -122.300098390954602, 47.422717592374632 ], [ -122.300271286919184, 47.42271638106682 ], [ -122.300814507934803, 47.422719358543617 ], [ -122.301759178540337, 47.422724570869541 ], [ -122.302186581522179, 47.422726931265785 ], [ -122.302230506138727, 47.422727184438806 ], [ -122.302939351295592, 47.422731051003979 ], [ -122.302999477050534, 47.422731368259257 ], [ -122.304209068374931, 47.422738002600191 ], [ -122.305413364108986, 47.422744610035259 ], [ -122.308023877609301, 47.4227588631448 ], [ -122.309279007470408, 47.422765673340379 ], [ -122.309370005936771, 47.42276616106556 ], [ -122.309445289572196, 47.422766579835113 ], [ -122.309726937681603, 47.422768122233308 ], [ -122.310405840925952, 47.422771783272566 ], [ -122.310446533604491, 47.422772020492985 ], [ -122.310568849974842, 47.422772675884858 ], [ -122.310692863934364, 47.422773363000957 ], [ -122.310880441146921, 47.42277437313966 ], [ -122.310973946883934, 47.422774882678851 ], [ -122.311108344600299, 47.422775598638694 ], [ -122.311702875978412, 47.422778815958296 ], [ -122.312260232400305, 47.422781829583684 ], [ -122.313109661510055, 47.422786431852863 ], [ -122.313384572918224, 47.422792576293908 ], [ -122.313404301076361, 47.422793004258068 ], [ -122.313472745793746, 47.422794523482693 ], [ -122.313546971285987, 47.422796186698783 ], [ -122.313965926672296, 47.422805524643195 ], [ -122.314034087046508, 47.422807018455359 ], [ -122.314411280953394, 47.422815445484375 ], [ -122.314531675142192, 47.422818095441201 ], [ -122.314654860584, 47.422820873429494 ], [ -122.315079191398638, 47.422830299862888 ], [ -122.315133082519324, 47.422831516202827 ], [ -122.315541527318942, 47.422840627657891 ], [ -122.315649139347016, 47.422844299952246 ], [ -122.316760450731039, 47.422869625786028 ], [ -122.317871755165584, 47.422894938134753 ], [ -122.318410627375016, 47.422904453600339 ], [ -122.318461486445884, 47.422905597423842 ], [ -122.31887534990534, 47.422914790535302 ], [ -122.318907368554022, 47.422915496413879 ], [ -122.318944885690811, 47.422916347041316 ], [ -122.319143914004215, 47.422920758604093 ], [ -122.31918134957867, 47.42292158413369 ], [ -122.319203383887256, 47.422922090619565 ], [ -122.31937932958904, 47.422926000925486 ], [ -122.319829264392013, 47.422935995210011 ], [ -122.319849991749095, 47.422936455733264 ], [ -122.320047969851757, 47.422943873362222 ] ] ] ] } }
]
}
